TrackingWebScriptsId,SubjectId,SessionId,GroupId,ipaddress,launchtimestamp,licensetimestamp,datatimestamp,errortimestamp,finishtimestamp,scriptpath,useragent,finishuseragent,iqclient,launchversion,licenseversion,launchquery,datafiles,finishredirect,launchcount,licensecount,datafilecount,errorcount,finishcount,sessionlength
213688,104,,247056292,2837894365,,5/11/2021 14:04,5/11/2021 14:11,,,batch_pilot2.iqx,,,Mozilla/5.0 (compatible; InquisitPlayer/5.0.14.0; Windows NT 10.0; Win64; x64),,5.0.14.0,,"consent_form_survey_104_21-05-11-02-06-18-273.iqdat,consent_form_summary_104_21-05-11-02-06-19-430.iqdat,pilot_2_raw_104_21-05-11-02-09-54-055.iqdat,minutediscountingtask_i5_raw_104_21-05-11-02-11-06-430.iqdat,minutediscountingtask_i5_summary_104_21-05-11-02-11-07-461.iqdat",,0,1,5,0,0,0
213688,110,,163974413,1893666364,,5/11/2021 14:05,5/11/2021 14:13,,,batch_pilot2.iqx,,,Mozilla/5.0 (compatible; InquisitPlayer/5.0.14.0; Windows NT 10.0; Win64; x64),,5.0.14.0,,"consent_form_survey_110_21-05-11-02-10-18-570.iqdat,consent_form_summary_110_21-05-11-02-10-19-727.iqdat,pilot_2_raw_110_21-05-11-02-13-16-899.iqdat,minutediscountingtask_i5_raw_110_21-05-11-02-13-51-868.iqdat,minutediscountingtask_i5_summary_110_21-05-11-02-13-52-931.iqdat",,0,1,5,0,0,0
213688,119,,5601420,1412919408,,5/11/2021 14:09,5/11/2021 14:15,,,batch_pilot2.iqx,,,Mozilla/5.0 (compatible; InquisitPlayer/5.0.14.0; Windows NT 10.0; Win64; x64),,5.0.14.0,,"consent_form_survey_119_21-05-11-02-13-07-212.iqdat,consent_form_summary_119_21-05-11-02-13-08-446.iqdat,pilot_2_raw_119_21-05-11-02-14-36-305.iqdat,minutediscountingtask_i5_raw_119_21-05-11-02-15-29-962.iqdat,minutediscountingtask_i5_summary_119_21-05-11-02-15-31-071.iqdat",,0,1,5,0,0,0
213688,126,,665189049,2973069424,,5/11/2021 14:10,5/11/2021 14:19,,,batch_pilot2.iqx,,,Mozilla/5.0 (compatible; InquisitPlayer/5.0.14.0; Windows NT 10.0; Win64; x64),,5.0.14.0,,"consent_form_survey_126_21-05-11-02-15-31-712.iqdat,consent_form_summary_126_21-05-11-02-15-32-883.iqdat,pilot_2_raw_126_21-05-11-02-18-53-479.iqdat,minutediscountingtask_i5_raw_126_21-05-11-02-19-49-229.iqdat,minutediscountingtask_i5_summary_126_21-05-11-02-19-50-339.iqdat",,0,1,5,0,0,0
213688,128,,440792769,1893666364,,5/11/2021 14:12,5/11/2021 14:14,,,batch_pilot2.iqx,,,Mozilla/5.0 (compatible; InquisitPlayer/5.0.14.0; Windows NT 10.0; Win64; x64),,5.0.14.0,,"consent_form_survey_128_21-05-11-02-13-08-790.iqdat,consent_form_summary_128_21-05-11-02-13-09-946.iqdat,pilot_2_raw_128_21-05-11-02-13-49-462.iqdat,minutediscountingtask_i5_raw_128_21-05-11-02-14-03-290.iqdat,minutediscountingtask_i5_summary_128_21-05-11-02-14-04-399.iqdat",,0,1,5,0,0,0
213688,129,,958173294,575287588,,5/11/2021 14:11,5/11/2021 14:15,,,batch_pilot2.iqx,,,Mozilla/5.0 (compatible; InquisitPlayer/5.0.14.0; Windows NT 10.0; Win64; x64),,5.0.14.0,,"consent_form_survey_129_21-05-11-02-12-59-352.iqdat,consent_form_summary_129_21-05-11-02-13-08-008.iqdat,pilot_2_raw_129_21-05-11-02-14-45-337.iqdat,minutediscountingtask_i5_raw_129_21-05-11-02-15-52-947.iqdat,minutediscountingtask_i5_summary_129_21-05-11-02-15-56-884.iqdat",,0,1,5,0,0,0
213688,132,,916221930,917820043,,5/11/2021 14:12,5/11/2021 14:14,,,batch_pilot2.iqx,,,Mozilla/5.0 (compatible; InquisitPlayer/5.0.14.0; Windows NT 10.0; Win64; x64),,5.0.14.0,,"consent_form_survey_132_21-05-11-02-12-53-368.iqdat,consent_form_summary_132_21-05-11-02-12-54-446.iqdat,pilot_2_raw_132_21-05-11-02-13-47-400.iqdat,minutediscountingtask_i5_raw_132_21-05-11-02-14-01-134.iqdat,minutediscountingtask_i5_summary_132_21-05-11-02-14-02-149.iqdat",,0,1,5,0,0,0
213688,133,,751679784,575287588,,5/11/2021 14:11,5/11/2021 14:15,,,batch_pilot2.iqx,,,Mozilla/5.0 (compatible; InquisitPlayer/5.0.14.0; Windows NT 10.0; Win64; x64),,5.0.14.0,,"consent_form_survey_133_21-05-11-02-12-46-165.iqdat,consent_form_summary_133_21-05-11-02-12-50-212.iqdat,pilot_2_raw_133_21-05-11-02-14-41-212.iqdat,minutediscountingtask_i5_raw_133_21-05-11-02-15-36-728.iqdat,minutediscountingtask_i5_summary_133_21-05-11-02-15-37-666.iqdat",,0,1,5,0,0,0
213688,131,,889420221,575287588,,5/11/2021 14:13,5/11/2021 14:21,,,batch_pilot2.iqx,,,Mozilla/5.0 (compatible; InquisitPlayer/5.0.14.0; Windows NT 10.0; Win64; x64),,5.0.14.0,,"consent_form_survey_131_21-05-11-02-19-19-041.iqdat,consent_form_summary_131_21-05-11-02-19-23-603.iqdat,pilot_2_raw_131_21-05-11-02-20-37-636.iqdat,minutediscountingtask_i5_raw_131_21-05-11-02-21-34-229.iqdat,minutediscountingtask_i5_summary_131_21-05-11-02-21-35-651.iqdat",,0,1,5,0,0,0
213688,140,,233933346,1412919408,,5/11/2021 14:16,5/11/2021 14:21,,,batch_pilot2.iqx,,,Mozilla/5.0 (compatible; InquisitPlayer/5.0.14.0; Windows NT 10.0; Win64; x64),,5.0.14.0,,"consent_form_survey_140_21-05-11-02-18-14-244.iqdat,consent_form_summary_140_21-05-11-02-18-15-666.iqdat,pilot_2_raw_140_21-05-11-02-20-10-948.iqdat,minutediscountingtask_i5_raw_140_21-05-11-02-21-06-792.iqdat,minutediscountingtask_i5_summary_140_21-05-11-02-21-07-932.iqdat",,0,1,5,0,0,0
213688,142,,248285519,575287588,,5/11/2021 14:14,5/11/2021 14:19,,,batch_pilot2.iqx,,,Mozilla/5.0 (compatible; InquisitPlayer/5.0.14.0; Windows NT 10.0; Win64; x64),,5.0.14.0,,"consent_form_survey_142_21-05-11-02-16-03-290.iqdat,consent_form_summary_142_21-05-11-02-16-04-322.iqdat,pilot_2_raw_142_21-05-11-02-18-25-791.iqdat,minutediscountingtask_i5_raw_142_21-05-11-02-19-23-306.iqdat,minutediscountingtask_i5_summary_142_21-05-11-02-19-25-306.iqdat",,0,1,5,0,0,0
213688,145,,740515121,1893666364,,5/11/2021 14:15,5/11/2021 14:18,,,batch_pilot2.iqx,,,Mozilla/5.0 (compatible; InquisitPlayer/5.0.14.0; Windows NT 10.0; Win64; x64),,5.0.14.0,,"consent_form_survey_145_21-05-11-02-16-52-806.iqdat,consent_form_summary_145_21-05-11-02-16-53-916.iqdat,pilot_2_raw_145_21-05-11-02-18-06-775.iqdat,minutediscountingtask_i5_raw_145_21-05-11-02-18-27-025.iqdat,minutediscountingtask_i5_summary_145_21-05-11-02-18-28-119.iqdat",,0,1,5,0,0,0
213688,147,,382769186,917820043,,5/11/2021 14:20,5/11/2021 14:23,,,batch_pilot2.iqx,,,Mozilla/5.0 (compatible; InquisitPlayer/5.0.14.0; Windows NT 10.0; Win64; x64),,5.0.14.0,,"consent_form_survey_147_21-05-11-02-21-54-495.iqdat,consent_form_summary_147_21-05-11-02-21-55-652.iqdat,pilot_2_raw_147_21-05-11-02-22-35-963.iqdat,minutediscountingtask_i5_raw_147_21-05-11-02-23-04-605.iqdat,minutediscountingtask_i5_summary_147_21-05-11-02-23-05-620.iqdat",,0,1,5,0,0,0
213688,150,,742347810,2837894365,,5/11/2021 14:19,5/11/2021 14:21,,,batch_pilot2.iqx,,,Mozilla/5.0 (compatible; InquisitPlayer/5.0.14.0; Windows NT 10.0; Win64; x64),,5.0.14.0,,"consent_form_survey_150_21-05-11-02-19-45-526.iqdat,consent_form_summary_150_21-05-11-02-19-46-776.iqdat,pilot_2_raw_150_21-05-11-02-20-35-603.iqdat,minutediscountingtask_i5_raw_150_21-05-11-02-21-06-401.iqdat,minutediscountingtask_i5_summary_150_21-05-11-02-21-07-417.iqdat",,0,1,5,0,0,0
213688,152,,131549396,3922159652,,5/11/2021 14:19,5/11/2021 14:22,,,batch_pilot2.iqx,,,Mozilla/5.0 (compatible; InquisitPlayer/5.0.14.0; Windows NT 10.0; Win64; x64),,5.0.14.0,,"consent_form_survey_152_21-05-11-02-20-50-417.iqdat,consent_form_summary_152_21-05-11-02-20-51-573.iqdat,pilot_2_raw_152_21-05-11-02-22-00-730.iqdat,minutediscountingtask_i5_raw_152_21-05-11-02-22-37-761.iqdat,minutediscountingtask_i5_summary_152_21-05-11-02-22-38-699.iqdat",,0,1,5,0,0,0
213688,156,,628988970,2837894365,,5/11/2021 14:21,5/11/2021 14:25,,,batch_pilot2.iqx,,,Mozilla/5.0 (compatible; InquisitPlayer/5.0.14.0; Windows NT 10.0; Win64; x64),,5.0.14.0,,"consent_form_survey_156_21-05-11-02-23-08-152.iqdat,consent_form_summary_156_21-05-11-02-23-09-292.iqdat,pilot_2_raw_156_21-05-11-02-25-00-637.iqdat,minutediscountingtask_i5_raw_156_21-05-11-02-25-19-730.iqdat,minutediscountingtask_i5_summary_156_21-05-11-02-25-20-886.iqdat",,0,1,5,0,0,0
213688,157,,277070736,1893666364,,5/11/2021 14:23,5/11/2021 14:24,,,batch_pilot2.iqx,,,Mozilla/5.0 (compatible; InquisitPlayer/5.0.14.0; Windows NT 10.0; Win64; x64),,5.0.14.0,,"consent_form_survey_157_21-05-11-02-23-47-387.iqdat,consent_form_summary_157_21-05-11-02-23-48-527.iqdat,pilot_2_raw_157_21-05-11-02-24-23-902.iqdat,minutediscountingtask_i5_raw_157_21-05-11-02-24-46-340.iqdat,minutediscountingtask_i5_summary_157_21-05-11-02-24-47-418.iqdat",,0,1,5,0,0,0
213688,159,,447879181,1412919408,,5/11/2021 14:24,5/11/2021 14:27,,,batch_pilot2.iqx,,,Mozilla/5.0 (compatible; InquisitPlayer/5.0.14.0; Windows NT 10.0; Win64; x64),,5.0.14.0,,"consent_form_survey_159_21-05-11-02-25-09-011.iqdat,consent_form_summary_159_21-05-11-02-25-10-168.iqdat,pilot_2_raw_159_21-05-11-02-26-00-386.iqdat,minutediscountingtask_i5_raw_159_21-05-11-02-27-05-713.iqdat,minutediscountingtask_i5_summary_159_21-05-11-02-27-06-838.iqdat",,0,1,5,0,0,0
213688,160,,364825224,1412919408,,5/11/2021 14:23,5/11/2021 14:25,,,batch_pilot2.iqx,,,Mozilla/5.0 (compatible; InquisitPlayer/5.0.14.0; Windows NT 10.0; Win64; x64),,5.0.14.0,,"consent_form_survey_160_21-05-11-02-25-03-574.iqdat,consent_form_summary_160_21-05-11-02-25-05-246.iqdat",,0,1,2,0,0,0
213688,162,,952080308,2837894365,,5/11/2021 14:25,5/11/2021 14:27,,,batch_pilot2.iqx,,,Mozilla/5.0 (compatible; InquisitPlayer/5.0.14.0; Windows NT 10.0; Win64; x64),,5.0.14.0,,"consent_form_survey_162_21-05-11-02-26-43-402.iqdat,consent_form_summary_162_21-05-11-02-26-44-667.iqdat,pilot_2_raw_162_21-05-11-02-27-15-041.iqdat,minutediscountingtask_i5_raw_162_21-05-11-02-27-55-573.iqdat,minutediscountingtask_i5_summary_162_21-05-11-02-27-56-635.iqdat",,0,1,5,0,0,0
213688,163,,894702402,2973069424,,5/11/2021 14:25,5/11/2021 14:32,,,batch_pilot2.iqx,,,Mozilla/5.0 (compatible; InquisitPlayer/5.0.14.0; Windows NT 10.0; Win64; x64),,5.0.14.0,,"consent_form_survey_163_21-05-11-02-29-00-713.iqdat,consent_form_summary_163_21-05-11-02-29-01-806.iqdat,pilot_2_raw_163_21-05-11-02-30-25-384.iqdat,minutediscountingtask_i5_raw_163_21-05-11-02-32-39-181.iqdat,minutediscountingtask_i5_summary_163_21-05-11-02-32-40-228.iqdat",,0,1,5,0,0,0
213688,165,,427582539,575287588,,5/11/2021 14:31,5/11/2021 14:34,,,batch_pilot2.iqx,,,Mozilla/5.0 (compatible; InquisitPlayer/5.0.14.0; Windows NT 10.0; Win64; x64),,5.0.14.0,,"consent_form_survey_165_21-05-11-02-32-37-197.iqdat,consent_form_summary_165_21-05-11-02-32-44-728.iqdat,pilot_2_raw_165_21-05-11-02-33-47-915.iqdat,minutediscountingtask_i5_raw_165_21-05-11-02-34-10-899.iqdat,minutediscountingtask_i5_summary_165_21-05-11-02-34-15-211.iqdat",,0,1,5,0,0,0
213688,166,,392235791,1412919408,,5/11/2021 14:26,5/11/2021 14:41,,,batch_pilot2.iqx,,,Mozilla/5.0 (compatible; InquisitPlayer/5.0.14.0; Windows NT 10.0; Win64; x64),,5.0.14.0,,"consent_form_survey_166_21-05-11-02-28-02-713.iqdat,consent_form_summary_166_21-05-11-02-28-03-947.iqdat,pilot_2_raw_166_21-05-11-02-30-34-321.iqdat,minutediscountingtask_i5_raw_166_21-05-11-02-41-14-011.iqdat,minutediscountingtask_i5_summary_166_21-05-11-02-41-15-136.iqdat",,0,1,5,0,0,0
213688,167,,346991545,490042694,,,,,5/11/2021 14:30,batch_pilot2.iqx,,"Mozilla/5.0 (Windows NT 10.0; Win64; x64) AppleWebKit/537.36 (KHTML, like Gecko) Chrome/89.0.4389.82 Safari/537.36",,,,,,http://www.sussex.ac.uk/psychology/sibg/resources/userstudies/helena-2021-study-debrief-web,0,0,0,0,1,0
213688,167,,346991545,1412919408,,5/11/2021 14:27,5/11/2021 14:30,,,batch_pilot2.iqx,,,Mozilla/5.0 (compatible; InquisitPlayer/5.0.14.0; Windows NT 10.0; Win64; x64),,5.0.14.0,,"consent_form_survey_167_21-05-11-02-28-59-838.iqdat,consent_form_summary_167_21-05-11-02-29-01-041.iqdat,pilot_2_raw_167_21-05-11-02-30-25-024.iqdat,minutediscountingtask_i5_raw_167_21-05-11-02-30-46-291.iqdat,minutediscountingtask_i5_summary_167_21-05-11-02-30-47-400.iqdat",,0,1,5,0,0,0
213688,168,,840600907,3922159652,,5/11/2021 14:26,5/11/2021 14:28,,,batch_pilot2.iqx,,,Mozilla/5.0 (compatible; InquisitPlayer/5.0.14.0; Windows NT 10.0; Win64; x64),,5.0.14.0,,"consent_form_survey_168_21-05-11-02-28-09-729.iqdat,consent_form_summary_168_21-05-11-02-28-11-838.iqdat",,0,2,2,0,0,0
213688,170,,118210985,1412919408,,5/11/2021 14:28,5/11/2021 14:31,,,batch_pilot2.iqx,,,Mozilla/5.0 (compatible; InquisitPlayer/5.0.14.0; Windows NT 10.0; Win64; x64),,5.0.14.0,,"consent_form_survey_170_21-05-11-02-27-34-041.iqdat,consent_form_summary_170_21-05-11-02-27-35-244.iqdat,consent_form_survey_170_21-05-11-02-28-59-088.iqdat,consent_form_summary_170_21-05-11-02-29-00-119.iqdat,pilot_2_raw_170_21-05-11-02-30-09-587.iqdat,minutediscountingtask_i5_raw_170_21-05-11-02-31-27-649.iqdat,minutediscountingtask_i5_summary_170_21-05-11-02-31-28-868.iqdat",,0,2,7,0,0,0
213688,173,,558507562,1412919408,,5/11/2021 14:31,5/11/2021 14:39,,,batch_pilot2.iqx,,,Mozilla/5.0 (compatible; InquisitPlayer/5.0.14.0; Windows NT 10.0; Win64; x64),,5.0.14.0,,"consent_form_survey_173_21-05-11-02-33-02-931.iqdat,consent_form_summary_173_21-05-11-02-33-04-681.iqdat,pilot_2_raw_173_21-05-11-02-39-39-306.iqdat,minutediscountingtask_i5_raw_173_21-05-11-02-39-58-696.iqdat,minutediscountingtask_i5_summary_173_21-05-11-02-39-59-790.iqdat",,0,1,5,0,0,0
213688,176,,190604679,2837894365,,5/11/2021 14:31,5/11/2021 14:32,,,batch_pilot2.iqx,,,Mozilla/5.0 (compatible; InquisitPlayer/5.0.14.0; Windows NT 10.0; Win64; x64),,5.0.14.0,,"consent_form_survey_176_21-05-11-02-32-46-665.iqdat,consent_form_summary_176_21-05-11-02-32-47-728.iqdat",,0,1,2,0,0,0
213688,177,,275447795,1412919408,,5/11/2021 14:33,5/11/2021 14:34,,,batch_pilot2.iqx,,,Mozilla/5.0 (compatible; InquisitPlayer/5.0.14.0; Windows NT 10.0; Win64; x64),,5.0.14.0,,"consent_form_survey_177_21-05-11-02-34-17-008.iqdat,consent_form_summary_177_21-05-11-02-34-18-430.iqdat",,0,1,2,0,0,0
213688,175,,536423669,917820043,,5/11/2021 14:32,5/11/2021 14:37,,,batch_pilot2.iqx,,,Mozilla/5.0 (compatible; InquisitPlayer/5.0.14.0; Windows NT 10.0; Win64; x64),,5.0.14.0,,"consent_form_survey_175_21-05-11-02-35-10-227.iqdat,consent_form_summary_175_21-05-11-02-35-11-305.iqdat,pilot_2_raw_175_21-05-11-02-37-00-118.iqdat,minutediscountingtask_i5_raw_175_21-05-11-02-37-21-180.iqdat,minutediscountingtask_i5_summary_175_21-05-11-02-37-22-164.iqdat",,0,1,5,0,0,0
213688,178,,444738424,1412919408,,5/11/2021 14:33,5/11/2021 14:36,,,batch_pilot2.iqx,,,Mozilla/5.0 (compatible; InquisitPlayer/5.0.14.0; Windows NT 10.0; Win64; x64),,5.0.14.0,,"consent_form_survey_178_21-05-11-02-35-17-618.iqdat,consent_form_summary_178_21-05-11-02-35-18-789.iqdat,pilot_2_raw_178_21-05-11-02-36-04-837.iqdat,minutediscountingtask_i5_raw_178_21-05-11-02-36-21-118.iqdat,minutediscountingtask_i5_summary_178_21-05-11-02-36-22-180.iqdat",,0,1,5,0,0,0
213688,184,,832289747,2973069424,,5/11/2021 14:42,5/11/2021 14:47,,,batch_pilot2.iqx,,,Mozilla/5.0 (compatible; InquisitPlayer/5.0.14.0; Windows NT 10.0; Win64; x64),,5.0.14.0,,"consent_form_survey_184_21-05-11-02-44-53-903.iqdat,consent_form_summary_184_21-05-11-02-44-55-028.iqdat,pilot_2_raw_184_21-05-11-02-45-56-498.iqdat,minutediscountingtask_i5_raw_184_21-05-11-02-47-27-701.iqdat,minutediscountingtask_i5_summary_184_21-05-11-02-47-28-857.iqdat",,0,1,5,0,0,0
213688,185,,297189000,2837894365,,5/11/2021 14:37,5/11/2021 14:39,,,batch_pilot2.iqx,,,Mozilla/5.0 (compatible; InquisitPlayer/5.0.14.0; Windows NT 10.0; Win64; x64),,5.0.14.0,,"consent_form_survey_185_21-05-11-02-38-23-071.iqdat,consent_form_summary_185_21-05-11-02-38-24-571.iqdat,pilot_2_raw_185_21-05-11-02-39-15-790.iqdat,minutediscountingtask_i5_raw_185_21-05-11-02-39-30-539.iqdat,minutediscountingtask_i5_summary_185_21-05-11-02-39-31-883.iqdat",,0,1,5,0,0,0
213688,186,,835121960,1893666364,,5/11/2021 14:36,5/11/2021 14:38,,,batch_pilot2.iqx,,,Mozilla/5.0 (compatible; InquisitPlayer/5.0.14.0; Windows NT 10.0; Win64; x64),,5.0.14.0,,"consent_form_survey_186_21-05-11-02-37-03-462.iqdat,consent_form_summary_186_21-05-11-02-37-04-602.iqdat,pilot_2_raw_186_21-05-11-02-38-07-040.iqdat,minutediscountingtask_i5_raw_186_21-05-11-02-38-23-227.iqdat,minutediscountingtask_i5_summary_186_21-05-11-02-38-24-336.iqdat",,0,1,5,0,0,0
213688,188,,620796170,3922159652,,5/11/2021 14:38,5/11/2021 14:43,,,batch_pilot2.iqx,,,Mozilla/5.0 (compatible; InquisitPlayer/5.0.14.0; Windows NT 10.0; Win64; x64),,5.0.14.0,,"consent_form_survey_188_21-05-11-02-39-11-587.iqdat,consent_form_summary_188_21-05-11-02-39-15-024.iqdat,pilot_2_raw_188_21-05-11-02-42-15-278.iqdat,minutediscountingtask_i5_raw_188_21-05-11-02-43-42-606.iqdat,minutediscountingtask_i5_summary_188_21-05-11-02-43-43-559.iqdat",,0,1,5,0,0,0
213688,189,,192776168,1412919408,,5/11/2021 14:39,5/11/2021 14:41,,,batch_pilot2.iqx,,,Mozilla/5.0 (compatible; InquisitPlayer/5.0.14.0; Windows NT 10.0; Win64; x64),,5.0.14.0,,"consent_form_survey_189_21-05-11-02-41-02-245.iqdat,consent_form_summary_189_21-05-11-02-41-03-386.iqdat,pilot_2_raw_189_21-05-11-02-41-30-104.iqdat,minutediscountingtask_i5_raw_189_21-05-11-02-41-51-136.iqdat,minutediscountingtask_i5_summary_189_21-05-11-02-41-52-261.iqdat",,0,1,5,0,0,0
213688,187,,869220298,2973069424,,5/11/2021 14:38,5/11/2021 14:45,,,batch_pilot2.iqx,,,Mozilla/5.0 (compatible; InquisitPlayer/5.0.14.0; Windows NT 10.0; Win64; x64),,5.0.14.0,,"consent_form_survey_187_21-05-11-02-40-28-477.iqdat,consent_form_summary_187_21-05-11-02-40-29-633.iqdat,pilot_2_raw_187_21-05-11-02-41-54-574.iqdat,minutediscountingtask_i5_raw_187_21-05-11-02-45-03-387.iqdat,minutediscountingtask_i5_summary_187_21-05-11-02-45-04-465.iqdat",,0,1,5,0,0,0
213688,193,,319817236,1412919408,,5/11/2021 14:39,5/11/2021 14:44,,,batch_pilot2.iqx,,,Mozilla/5.0 (compatible; InquisitPlayer/5.0.14.0; Windows NT 10.0; Win64; x64),,5.0.14.0,,"consent_form_survey_193_21-05-11-02-40-45-756.iqdat,consent_form_summary_193_21-05-11-02-40-46-916.iqdat,pilot_2_raw_193_21-05-11-02-42-10-856.iqdat,minutediscountingtask_i5_raw_193_21-05-11-02-44-32-715.iqdat,minutediscountingtask_i5_summary_193_21-05-11-02-44-33-762.iqdat",,0,1,5,0,0,0
213688,196,,69221329,2837894365,,5/11/2021 14:45,5/11/2021 14:46,,,batch_pilot2.iqx,,,Mozilla/5.0 (compatible; InquisitPlayer/5.0.14.0; Windows NT 10.0; Win64; x64),,5.0.14.0,,"consent_form_survey_196_21-05-11-02-45-36-091.iqdat,consent_form_summary_196_21-05-11-02-45-38-217.iqdat,pilot_2_raw_196_21-05-11-02-46-13-435.iqdat,minutediscountingtask_i5_raw_196_21-05-11-02-46-31-669.iqdat,minutediscountingtask_i5_summary_196_21-05-11-02-46-32-732.iqdat",,0,1,5,0,0,0
213688,197,,48920917,575287588,,5/11/2021 14:43,5/11/2021 14:48,,,batch_pilot2.iqx,,,Mozilla/5.0 (compatible; InquisitPlayer/5.0.14.0; Windows NT 10.0; Win64; x64),,5.0.14.0,,"consent_form_survey_197_21-05-11-02-45-57-201.iqdat,consent_form_summary_197_21-05-11-02-45-59-638.iqdat,pilot_2_raw_197_21-05-11-02-47-51-686.iqdat,minutediscountingtask_i5_raw_197_21-05-11-02-48-19-498.iqdat,minutediscountingtask_i5_summary_197_21-05-11-02-48-20-732.iqdat",,0,1,5,0,0,0
213688,199,,832675749,1893666364,,5/11/2021 14:43,5/11/2021 14:45,,,batch_pilot2.iqx,,,Mozilla/5.0 (compatible; InquisitPlayer/5.0.14.0; Windows NT 10.0; Win64; x64),,5.0.14.0,,"consent_form_survey_199_21-05-11-02-44-29-387.iqdat,consent_form_summary_199_21-05-11-02-44-30-559.iqdat,pilot_2_raw_199_21-05-11-02-44-50-949.iqdat,minutediscountingtask_i5_raw_199_21-05-11-02-45-03-481.iqdat,minutediscountingtask_i5_summary_199_21-05-11-02-45-04-559.iqdat",,0,1,5,0,0,0
213688,200,,5028002,575287588,,5/11/2021 14:42,5/11/2021 14:45,,,batch_pilot2.iqx,,,Mozilla/5.0 (compatible; InquisitPlayer/5.0.14.0; Windows NT 10.0; Win64; x64),,5.0.14.0,,"consent_form_survey_200_21-05-11-02-43-30-137.iqdat,consent_form_summary_200_21-05-11-02-43-31-403.iqdat,pilot_2_raw_200_21-05-11-02-44-37-075.iqdat,minutediscountingtask_i5_raw_200_21-05-11-02-45-05-871.iqdat,minutediscountingtask_i5_summary_200_21-05-11-02-45-09-154.iqdat",,0,1,5,0,0,0
213688,204,,935107238,1412919408,,5/11/2021 14:43,5/11/2021 14:49,,,batch_pilot2.iqx,,,Mozilla/5.0 (compatible; InquisitPlayer/5.0.14.0; Windows NT 10.0; Win64; x64),,5.0.14.0,,"consent_form_survey_204_21-05-11-02-44-50-496.iqdat,consent_form_summary_204_21-05-11-02-44-51-606.iqdat,pilot_2_raw_204_21-05-11-02-49-37-140.iqdat,minutediscountingtask_i5_raw_204_21-05-11-02-49-55-874.iqdat,minutediscountingtask_i5_summary_204_21-05-11-02-49-56-952.iqdat",,0,1,5,0,0,0
213688,206,,315983089,1412919408,,5/11/2021 14:46,5/11/2021 14:47,,,batch_pilot2.iqx,,,Mozilla/5.0 (compatible; InquisitPlayer/5.0.14.0; Windows NT 10.0; Win64; x64),,5.0.14.0,,"consent_form_survey_206_21-05-11-02-47-14-826.iqdat,consent_form_summary_206_21-05-11-02-47-16-091.iqdat",,0,1,2,0,0,0
213688,208,,610160911,1412919408,,5/11/2021 14:46,5/11/2021 14:47,,,batch_pilot2.iqx,,,Mozilla/5.0 (compatible; InquisitPlayer/5.0.14.0; Windows NT 10.0; Win64; x64),,5.0.14.0,,"consent_form_survey_208_21-05-11-02-47-36-060.iqdat,consent_form_summary_208_21-05-11-02-47-37-217.iqdat",,0,1,2,0,0,0
213688,208,,610160911,2973069424,,,5/11/2021 14:50,,,batch_pilot2.iqx,,,Mozilla/5.0 (compatible; InquisitPlayer/5.0.14.0; Windows NT 10.0; Win64; x64),,,,"pilot_2_raw_208_21-05-11-02-50-07-764.iqdat,minutediscountingtask_i5_raw_208_21-05-11-02-50-34-748.iqdat,minutediscountingtask_i5_summary_208_21-05-11-02-50-35-951.iqdat",,0,0,3,0,0,0
213688,209,,850693203,3922159652,,5/11/2021 14:46,5/11/2021 14:49,,,batch_pilot2.iqx,,,Mozilla/5.0 (compatible; InquisitPlayer/5.0.14.0; Windows NT 10.0; Win64; x64),,5.0.14.0,,"consent_form_survey_209_21-05-11-02-47-28-138.iqdat,consent_form_summary_209_21-05-11-02-47-29-185.iqdat,pilot_2_raw_209_21-05-11-02-48-34-716.iqdat,minutediscountingtask_i5_raw_209_21-05-11-02-49-05-608.iqdat,minutediscountingtask_i5_summary_209_21-05-11-02-49-12-123.iqdat",,0,1,5,0,0,0
213688,211,,996906130,1412919408,,5/11/2021 14:47,5/11/2021 14:48,,,batch_pilot2.iqx,,,Mozilla/5.0 (compatible; InquisitPlayer/5.0.14.0; Windows NT 10.0; Win64; x64),,5.0.14.0,,"consent_form_survey_211_21-05-11-02-48-16-639.iqdat,consent_form_summary_211_21-05-11-02-48-17-842.iqdat",,0,1,2,0,0,0
213688,211,,996906130,2973069424,,,5/11/2021 14:50,,,batch_pilot2.iqx,,,Mozilla/5.0 (compatible; InquisitPlayer/5.0.14.0; Windows NT 10.0; Win64; x64),,,,pilot_2_raw_211_21-05-11-02-50-26-842.iqdat,,0,0,1,0,0,0
213688,213,,456870833,1412919408,,5/11/2021 14:47,5/11/2021 14:48,,,batch_pilot2.iqx,,,Mozilla/5.0 (compatible; InquisitPlayer/5.0.14.0; Windows NT 10.0; Win64; x64),,5.0.14.0,,"consent_form_survey_213_21-05-11-02-48-00-451.iqdat,consent_form_summary_213_21-05-11-02-48-01-686.iqdat,pilot_2_raw_213_21-05-11-02-48-33-670.iqdat",,0,1,3,0,0,0
213688,216,,286423676,2973069424,,5/11/2021 14:48,5/11/2021 14:50,,,batch_pilot2.iqx,,,Mozilla/5.0 (compatible; InquisitPlayer/5.0.14.0; Windows NT 10.0; Win64; x64),,5.0.14.0,,"consent_form_survey_216_21-05-11-02-49-40-358.iqdat,consent_form_summary_216_21-05-11-02-49-41-483.iqdat,pilot_2_raw_216_21-05-11-02-50-19-202.iqdat",,0,1,3,0,0,0
213688,218,,999227991,2973069424,,5/11/2021 14:49,,,,batch_pilot2.iqx,,,Mozilla/5.0 (compatible; InquisitPlayer/5.0.14.0; Windows NT 10.0; Win64; x64),,5.0.14.0,,,,0,1,0,0,0,0
213688,225,,793494090,2973069424,,5/11/2021 14:51,,,,batch_pilot2.iqx,,,Mozilla/5.0 (compatible; InquisitPlayer/5.0.14.0; Windows NT 10.0; Win64; x64),,5.0.14.0,,,,0,1,0,0,0,0
213688,229,,392048910,1412919408,,5/11/2021 14:50,,,,batch_pilot2.iqx,,,Mozilla/5.0 (compatible; InquisitPlayer/5.0.14.0; Windows NT 10.0; Win64; x64),,5.0.14.0,,,,0,1,0,0,0,0
213688,230,,473126771,917820043,,5/11/2021 14:51,,,,batch_pilot2.iqx,,,Mozilla/5.0 (compatible; InquisitPlayer/5.0.14.0; Windows NT 10.0; Win64; x64),,5.0.14.0,,,,0,1,0,0,0,0
213688,50,,285977513,917820043,,5/11/2021 13:35,5/11/2021 13:38,,5/11/2021 13:38,batch_pilot2.iqx,,"Mozilla/5.0 (Windows NT 6.1; WOW64) AppleWebKit/537.36 (KHTML, like Gecko) Chrome/86.0.4240.198 Safari/537.36",Mozilla/5.0 (compatible; InquisitPlayer/5.0.14.0; Windows NT 6.1; Win64; x64),,5.0.14.0,,"consent_form_survey_50_21-05-11-01-36-18-041.iqdat,consent_form_summary_50_21-05-11-01-36-18-791.iqdat,pilot_2_raw_50_21-05-11-01-37-24-884.iqdat,minutediscountingtask_i5_raw_50_21-05-11-01-38-26-681.iqdat,minutediscountingtask_i5_summary_50_21-05-11-01-38-27-431.iqdat",http://www.sussex.ac.uk/psychology/sibg/resources/userstudies/helena-2021-study-debrief-web,0,1,5,0,1,0
213688,54,,919575683,917820043,,5/11/2021 13:41,5/11/2021 13:48,,,batch_pilot2.iqx,,,Mozilla/5.0 (compatible; InquisitPlayer/5.0.14.0; Windows NT 10.0; Win64; x64),,5.0.14.0,,"consent_form_survey_54_21-05-11-01-43-36-007.iqdat,consent_form_summary_54_21-05-11-01-43-37-054.iqdat,pilot_2_raw_54_21-05-11-01-47-13-228.iqdat,minutediscountingtask_i5_raw_54_21-05-11-01-48-47-932.iqdat,minutediscountingtask_i5_summary_54_21-05-11-01-48-48-853.iqdat",,0,1,5,0,0,0
213688,56,,474852633,917820043,,5/11/2021 13:42,,,,batch_pilot2.iqx,,,Mozilla/5.0 (compatible; InquisitPlayer/5.0.14.0; Windows NT 10.0; Win64; x64),,5.0.14.0,,,,0,1,0,0,0,0
213688,58,,270202353,917820043,,5/11/2021 13:45,5/11/2021 14:09,,,batch_pilot2.iqx,,,Mozilla/5.0 (compatible; InquisitPlayer/5.0.14.0; Windows NT 10.0; Win64; x64),,5.0.14.0,,"consent_form_survey_58_21-05-11-01-49-13-462.iqdat,consent_form_summary_58_21-05-11-01-49-14-494.iqdat,pilot_2_raw_58_21-05-11-01-56-42-792.iqdat,minutediscountingtask_i5_raw_58_21-05-11-02-09-54-133.iqdat,minutediscountingtask_i5_summary_58_21-05-11-02-09-55-118.iqdat",,0,1,5,0,0,0
213688,62,,933264771,575287588,,5/11/2021 13:55,5/11/2021 14:04,,,batch_pilot2.iqx,,,Mozilla/5.0 (compatible; InquisitPlayer/5.0.14.0; Windows NT 10.0; Win64; x64),,5.0.14.0,,"consent_form_survey_62_21-05-11-02-01-31-773.iqdat,consent_form_summary_62_21-05-11-02-01-33-351.iqdat,pilot_2_raw_62_21-05-11-02-03-42-930.iqdat,minutediscountingtask_i5_raw_62_21-05-11-02-04-19-945.iqdat,minutediscountingtask_i5_summary_62_21-05-11-02-04-26-617.iqdat",,0,1,5,0,0,0
213688,72,,192911033,1893666364,,5/11/2021 13:54,5/11/2021 13:57,,,batch_pilot2.iqx,,,Mozilla/5.0 (compatible; InquisitPlayer/5.0.14.0; Windows NT 10.0; Win64; x64),,5.0.14.0,,"consent_form_survey_72_21-05-11-01-55-39-418.iqdat,consent_form_summary_72_21-05-11-01-55-40-574.iqdat,pilot_2_raw_72_21-05-11-01-57-19-275.iqdat,minutediscountingtask_i5_raw_72_21-05-11-01-57-31-868.iqdat,minutediscountingtask_i5_summary_72_21-05-11-01-57-32-915.iqdat",,0,1,5,0,0,0
213688,77,,708142634,2837894365,,5/11/2021 13:55,5/11/2021 14:02,,,batch_pilot2.iqx,,,Mozilla/5.0 (compatible; InquisitPlayer/5.0.14.0; Windows NT 10.0; Win64; x64),,5.0.14.0,,"consent_form_survey_77_21-05-11-01-59-26-508.iqdat,consent_form_summary_77_21-05-11-01-59-27-836.iqdat,pilot_2_raw_77_21-05-11-02-00-57-618.iqdat,minutediscountingtask_i5_raw_77_21-05-11-02-02-54-227.iqdat,minutediscountingtask_i5_summary_77_21-05-11-02-02-55-211.iqdat",,0,1,5,0,0,0
213688,79,,680045565,1412919408,,5/11/2021 13:58,,,,batch_pilot2.iqx,,,Mozilla/5.0 (compatible; InquisitPlayer/5.0.14.0; Windows NT 10.0; Win64; x64),,5.0.14.0,,,,0,1,0,0,0,0
213688,79,,680045565,2973069424,,,5/11/2021 14:09,,,batch_pilot2.iqx,,,Mozilla/5.0 (compatible; InquisitPlayer/5.0.14.0; Windows NT 10.0; Win64; x64),,,,"consent_form_survey_79_21-05-11-02-03-38-181.iqdat,consent_form_summary_79_21-05-11-02-03-39-337.iqdat,pilot_2_raw_79_21-05-11-02-07-12-883.iqdat,minutediscountingtask_i5_raw_79_21-05-11-02-09-27-851.iqdat,minutediscountingtask_i5_summary_79_21-05-11-02-09-28-914.iqdat",,0,0,5,0,0,0
213688,80,,272222174,1412919408,,5/11/2021 13:55,5/11/2021 14:03,,,batch_pilot2.iqx,,,Mozilla/5.0 (compatible; InquisitPlayer/5.0.14.0; Windows NT 10.0; Win64; x64),,5.0.14.0,,"consent_form_survey_80_21-05-11-01-57-41-666.iqdat,consent_form_summary_80_21-05-11-01-57-42-807.iqdat,pilot_2_raw_80_21-05-11-02-02-00-790.iqdat,minutediscountingtask_i5_raw_80_21-05-11-02-03-16-164.iqdat,minutediscountingtask_i5_summary_80_21-05-11-02-03-17-258.iqdat",,0,1,5,0,0,0
213688,81,,755867372,808598017,,5/11/2021 13:57,5/11/2021 14:05,,,batch_pilot2.iqx,,,Mozilla/5.0 (compatible; InquisitPlayer/5.0.14.0; Windows NT 10.0; Win64; x64),,5.0.14.0,,"consent_form_survey_81_21-05-11-02-01-13-243.iqdat,consent_form_summary_81_21-05-11-02-01-14-446.iqdat,pilot_2_raw_81_21-05-11-02-03-53-180.iqdat,minutediscountingtask_i5_raw_81_21-05-11-02-05-04-227.iqdat,minutediscountingtask_i5_summary_81_21-05-11-02-05-05-399.iqdat",,0,1,5,0,0,0
213688,87,,725152440,2837894365,,5/11/2021 14:00,5/11/2021 14:05,,,batch_pilot2.iqx,,,Mozilla/5.0 (compatible; InquisitPlayer/5.0.14.0; Windows NT 10.0; Win64; x64),,5.0.14.0,,"consent_form_survey_87_21-05-11-02-05-43-118.iqdat,consent_form_summary_87_21-05-11-02-05-44-305.iqdat",,0,1,2,0,0,0
213688,99,,811246138,3922159652,,5/11/2021 14:03,5/11/2021 14:12,,,batch_pilot2.iqx,,,Mozilla/5.0 (compatible; InquisitPlayer/5.0.14.0; Windows NT 10.0; Win64; x64),,5.0.14.0,,"consent_form_survey_99_21-05-11-02-05-30-898.iqdat,consent_form_summary_99_21-05-11-02-05-32-351.iqdat,pilot_2_raw_99_21-05-11-02-08-41-633.iqdat,minutediscountingtask_i5_raw_99_21-05-11-02-12-20-867.iqdat,minutediscountingtask_i5_summary_99_21-05-11-02-12-30-852.iqdat",,0,1,5,0,0,0
213688,41,,84890122,1695483216,5/11/2021 11:26,,,,,batch_pilot2.iqx,"Mozilla/5.0 (Windows NT 10.0; Win64; x64) AppleWebKit/537.36 (KHTML, like Gecko) Chrome/90.0.4430.93 Safari/537.36",,,5.0.14.0,,,,,1,0,0,0,0,0
213688,42,,141927376,1695483216,5/11/2021 11:28,5/11/2021 11:28,5/11/2021 11:31,,5/11/2021 11:31,batch_pilot2.iqx,"Mozilla/5.0 (Windows NT 10.0; Win64; x64) AppleWebKit/537.36 (KHTML, like Gecko) Chrome/90.0.4430.93 Safari/537.36","Mozilla/5.0 (Windows NT 10.0; Win64; x64) AppleWebKit/537.36 (KHTML, like Gecko) Chrome/90.0.4430.93 Safari/537.36",Mozilla/5.0 (compatible; InquisitPlayer/5.0.14.0; Windows NT 10.0; Win64; x64),5.0.14.0,5.0.14.0,,"consent_form_survey_42_21-05-11-11-29-29-745.iqdat,consent_form_summary_42_21-05-11-11-29-30-526.iqdat,pilot_2_raw_42_21-05-11-11-30-45-668.iqdat,minutediscountingtask_i5_raw_42_21-05-11-11-31-19-902.iqdat,minutediscountingtask_i5_summary_42_21-05-11-11-31-20-620.iqdat",http://www.sussex.ac.uk/psychology/sibg/resources/userstudies/helena-2021-study-debrief-web,1,1,5,0,1,169
213688,47,,285096101,2752773282,5/11/2021 13:29,,,,,batch_pilot2.iqx,"Mozilla/5.0 (Windows NT 6.1; WOW64) AppleWebKit/537.36 (KHTML, like Gecko) Chrome/51.0.2704.84 Safari/537.36",,,5.0.14.0,,,,,3,0,0,0,0,0
213688,49,,518714696,3717732033,5/11/2021 13:34,,,,,batch_pilot2.iqx,"Mozilla/5.0 (Windows NT 10.0; Win64; x64) AppleWebKit/537.36 (KHTML, like Gecko) Chrome/90.0.4430.93 Safari/537.36",,,5.0.14.0,,,,,5,0,0,0,0,0
213688,50,,285977513,3098281132,5/11/2021 13:35,,,,,batch_pilot2.iqx,Mozilla/5.0 (Windows NT 6.1; Win64; x64; rv:88.0) Gecko/20100101 Firefox/88.0,,,5.0.14.0,,,,,2,0,0,0,0,0
213688,52,,569343583,547120227,5/11/2021 13:37,,,,,batch_pilot2.iqx,"Mozilla/5.0 (Windows NT 6.1; Win64; x64) AppleWebKit/537.36 (KHTML, like Gecko) Chrome/80.0.3987.116 Safari/537.36",,,5.0.14.0,,,,,3,0,0,0,0,0
213688,54,,919575683,1628889670,5/11/2021 13:41,,,,5/11/2021 13:48,batch_pilot2.iqx,"Mozilla/5.0 (Windows NT 10.0; Win64; x64) AppleWebKit/537.36 (KHTML, like Gecko) Chrome/84.0.4147.125 Safari/537.36","Mozilla/5.0 (Windows NT 10.0; Win64; x64) AppleWebKit/537.36 (KHTML, like Gecko) Chrome/84.0.4147.125 Safari/537.36",,5.0.14.0,,,,http://www.sussex.ac.uk/psychology/sibg/resources/userstudies/helena-2021-study-debrief-web,3,0,0,0,1,0
213688,56,,474852633,1644216648,5/11/2021 13:42,,,,,batch_pilot2.iqx,"Mozilla/5.0 (Windows NT 10.0; Win64; x64) AppleWebKit/537.36 (KHTML, like Gecko) Chrome/84.0.4147.135 Safari/537.36",,,5.0.14.0,,,,,1,0,0,0,0,0
213688,57,,838866360,1932573510,5/11/2021 13:42,5/11/2021 13:42,5/11/2021 13:49,,5/11/2021 13:49,batch_pilot2.iqx,"Mozilla/5.0 (Windows NT 10.0; Win64; x64) AppleWebKit/537.36 (KHTML, like Gecko) Chrome/86.0.4240.111 Safari/537.36","Mozilla/5.0 (Windows NT 10.0; Win64; x64) AppleWebKit/537.36 (KHTML, like Gecko) Chrome/86.0.4240.111 Safari/537.36",Mozilla/5.0 (compatible; InquisitPlayer/5.0.14.0; Windows NT 10.0; Win64; x64),5.0.14.0,5.0.14.0,,"consent_form_survey_57_21-05-11-01-44-58-649.iqdat,consent_form_summary_57_21-05-11-01-45-00-758.iqdat,pilot_2_raw_57_21-05-11-01-47-28-477.iqdat,minutediscountingtask_i5_raw_57_21-05-11-01-49-09-681.iqdat,minutediscountingtask_i5_summary_57_21-05-11-01-49-11-947.iqdat",http://www.sussex.ac.uk/psychology/sibg/resources/userstudies/helena-2021-study-debrief-web,1,1,5,0,1,399
213688,55,,137051450,2663628359,5/11/2021 13:42,,,,,batch_pilot2.iqx,"Mozilla/5.0 (Windows NT 10.0; Win64; x64) AppleWebKit/537.36 (KHTML, like Gecko) Chrome/89.0.4389.114 Safari/537.36",,,5.0.14.0,,,,,2,0,0,0,0,0
213688,58,,270202353,2663628359,5/11/2021 13:45,,,,5/11/2021 14:09,batch_pilot2.iqx,"Mozilla/5.0 (Windows NT 10.0; Win64; x64) AppleWebKit/537.36 (KHTML, like Gecko) Chrome/89.0.4389.114 Safari/537.36","Mozilla/5.0 (Windows NT 10.0; Win64; x64) AppleWebKit/537.36 (KHTML, like Gecko) Chrome/89.0.4389.114 Safari/537.36",,5.0.14.0,,,,http://www.sussex.ac.uk/psychology/sibg/resources/userstudies/helena-2021-study-debrief-web,1,0,0,0,1,0
213688,60,,814671929,3717732033,5/11/2021 13:49,,,,,batch_pilot2.iqx,"Mozilla/5.0 (Windows NT 10.0; Win64; x64) AppleWebKit/537.36 (KHTML, like Gecko) Chrome/90.0.4430.93 Safari/537.36",,,5.0.14.0,,,,,1,0,0,0,0,0
213688,65,,406661596,1418338881,5/11/2021 13:52,,,,,batch_pilot2.iqx,"Mozilla/5.0 (Windows NT 10.0; Win64; x64) AppleWebKit/537.36 (KHTML, like Gecko) Chrome/80.0.3987.106 Safari/537.36",,,5.0.14.0,,,,,2,0,0,0,0,0
213688,70,,179437913,3389675704,5/11/2021 13:53,,,,,batch_pilot2.iqx,"Mozilla/5.0 (Windows NT 10.0; Win64; x64) AppleWebKit/537.36 (KHTML, like Gecko) Chrome/80.0.3987.100 Safari/537.36",,,5.0.14.0,,,,,2,0,0,0,0,0
213688,69,,384891927,2165188163,5/11/2021 13:54,,,,,batch_pilot2.iqx,"Mozilla/5.0 (Windows NT 10.0; Win64; x64) AppleWebKit/537.36 (KHTML, like Gecko) Chrome/81.0.4044.138 Safari/537.36",,,5.0.14.0,,,,,1,0,0,0,0,0
213688,72,,192911033,1746332512,5/11/2021 13:54,,,,5/11/2021 13:57,batch_pilot2.iqx,"Mozilla/5.0 (Windows NT 10.0; Win64; x64) AppleWebKit/537.36 (KHTML, like Gecko) Chrome/89.0.4389.90 Safari/537.36","Mozilla/5.0 (Windows NT 10.0; Win64; x64) AppleWebKit/537.36 (KHTML, like Gecko) Chrome/89.0.4389.90 Safari/537.36",,5.0.14.0,,,,http://www.sussex.ac.uk/psychology/sibg/resources/userstudies/helena-2021-study-debrief-web,3,0,0,0,1,0
213688,73,,672940824,4263397484,5/11/2021 13:54,,,,,batch_pilot2.iqx,"Mozilla/5.0 (Windows NT 10.0; Win64; x64) AppleWebKit/537.36 (KHTML, like Gecko) Chrome/79.0.3945.88 Safari/537.36",,,5.0.14.0,,,,,2,0,0,0,0,0
213688,77,,708142634,1418338881,5/11/2021 13:55,,,,5/11/2021 14:02,batch_pilot2.iqx,"Mozilla/5.0 (Windows NT 10.0; Win64; x64) AppleWebKit/537.36 (KHTML, like Gecko) Chrome/80.0.3987.106 Safari/537.36","Mozilla/5.0 (Windows NT 10.0; Win64; x64) AppleWebKit/537.36 (KHTML, like Gecko) Chrome/80.0.3987.106 Safari/537.36",,5.0.14.0,,,,http://www.sussex.ac.uk/psychology/sibg/resources/userstudies/helena-2021-study-debrief-web,1,0,0,0,1,0
213688,62,,933264771,2271396459,5/11/2021 13:55,,,,5/11/2021 14:04,batch_pilot2.iqx,"Mozilla/5.0 (Windows NT 10.0; Win64; x64) AppleWebKit/537.36 (KHTML, like Gecko) Chrome/87.0.4280.141 Safari/537.36","Mozilla/5.0 (Windows NT 10.0; Win64; x64) AppleWebKit/537.36 (KHTML, like Gecko) Chrome/87.0.4280.141 Safari/537.36",,5.0.14.0,,,,http://www.sussex.ac.uk/psychology/sibg/resources/userstudies/helena-2021-study-debrief-web,1,0,0,0,1,0
213688,74,,362546883,1919284248,5/11/2021 13:55,,,,,batch_pilot2.iqx,"Mozilla/5.0 (Windows NT 6.1; Win64; x64) AppleWebKit/537.36 (KHTML, like Gecko) Chrome/81.0.4044.129 Safari/537.36",,,5.0.14.0,,,,,2,0,0,0,0,0
213688,78,,315653490,1893666364,5/11/2021 13:55,5/11/2021 13:55,5/11/2021 13:59,,,batch_pilot2.iqx,"Mozilla/5.0 (Windows NT 10.0; Win64; x64) AppleWebKit/537.36 (KHTML, like Gecko) Chrome/76.0.3809.100 Safari/537.36",,Mozilla/5.0 (compatible; InquisitPlayer/5.0.14.0; Windows NT 10.0; Win64; x64),5.0.14.0,5.0.14.0,,"consent_form_survey_78_21-05-11-01-59-01-650.iqdat,consent_form_summary_78_21-05-11-01-59-02-806.iqdat",,5,2,2,0,0,192
213688,80,,272222174,1531556936,5/11/2021 13:55,,,,5/11/2021 14:03,batch_pilot2.iqx,"Mozilla/5.0 (Windows NT 10.0; Win64; x64) AppleWebKit/537.36 (KHTML, like Gecko) Chrome/84.0.4147.135 Safari/537.36","Mozilla/5.0 (Windows NT 10.0; Win64; x64) AppleWebKit/537.36 (KHTML, like Gecko) Chrome/84.0.4147.135 Safari/537.36",,5.0.14.0,,,,http://www.sussex.ac.uk/psychology/sibg/resources/userstudies/helena-2021-study-debrief-web,1,0,0,0,1,0
213688,67,,407142950,3922159652,5/11/2021 13:56,5/11/2021 13:56,5/11/2021 14:00,,,batch_pilot2.iqx,"Mozilla/5.0 (Windows NT 10.0; Win64; x64) AppleWebKit/537.36 (KHTML, like Gecko) Chrome/80.0.3987.163 Safari/537.36",,Mozilla/5.0 (compatible; InquisitPlayer/5.0.14.0; Windows NT 10.0; Win64; x64),5.0.14.0,5.0.14.0,,"consent_form_survey_67_21-05-11-02-00-09-993.iqdat,consent_form_summary_67_21-05-11-02-00-11-055.iqdat",,3,1,2,0,0,229
213688,81,,755867372,2165188163,5/11/2021 13:57,,,,5/11/2021 14:05,batch_pilot2.iqx,"Mozilla/5.0 (Windows NT 10.0; Win64; x64) AppleWebKit/537.36 (KHTML, like Gecko) Chrome/81.0.4044.138 Safari/537.36","Mozilla/5.0 (Windows NT 10.0; Win64; x64) AppleWebKit/537.36 (KHTML, like Gecko) Chrome/81.0.4044.138 Safari/537.36",,5.0.14.0,,,,http://www.sussex.ac.uk/psychology/sibg/resources/userstudies/helena-2021-study-debrief-web,2,0,0,0,1,0
213688,79,,680045565,4247859523,5/11/2021 13:58,,,,5/11/2021 14:09,batch_pilot2.iqx,"Mozilla/5.0 (Windows NT 10.0; Win64; x64) AppleWebKit/537.36 (KHTML, like Gecko) Chrome/81.0.4044.92 Safari/537.36","Mozilla/5.0 (Windows NT 10.0; Win64; x64) AppleWebKit/537.36 (KHTML, like Gecko) Chrome/81.0.4044.92 Safari/537.36",,5.0.14.0,,,,http://www.sussex.ac.uk/psychology/sibg/resources/userstudies/helena-2021-study-debrief-web,2,0,0,0,1,0
213688,84,,969692643,1919284248,5/11/2021 13:58,,,,,batch_pilot2.iqx,"Mozilla/5.0 (Windows NT 6.1; Win64; x64) AppleWebKit/537.36 (KHTML, like Gecko) Chrome/81.0.4044.129 Safari/537.36",,,5.0.14.0,,,,,1,0,0,0,0,0
213688,87,,725152440,4208041169,5/11/2021 13:59,,,,,batch_pilot2.iqx,"Mozilla/5.0 (Windows NT 10.0; Win64; x64) AppleWebKit/537.36 (KHTML, like Gecko) Chrome/75.0.3770.142 Safari/537.36",,,5.0.14.0,,,,,2,0,0,0,0,0
213688,91,,609809949,1006447384,5/11/2021 14:00,,,,,batch_pilot2.iqx,"Mozilla/5.0 (Windows NT 6.1; Win64; x64) AppleWebKit/537.36 (KHTML, like Gecko) Chrome/73.0.3683.86 Safari/537.36",,,5.0.14.0,,,,,1,0,0,0,0,0
213688,94,,830223476,1628889670,5/11/2021 14:00,,,,,batch_pilot2.iqx,"Mozilla/5.0 (Windows NT 10.0; Win64; x64) AppleWebKit/537.36 (KHTML, like Gecko) Chrome/89.0.4389.72 Safari/537.36",,,5.0.14.0,,,,,3,0,0,0,0,0
213688,82,,927227017,1893666364,5/11/2021 14:00,5/11/2021 14:00,5/11/2021 14:07,,5/11/2021 14:07,batch_pilot2.iqx,"Mozilla/5.0 (Windows NT 10.0; Win64; x64) AppleWebKit/537.36 (KHTML, like Gecko) Chrome/81.0.4044.129 Safari/537.36","Mozilla/5.0 (Windows NT 10.0; Win64; x64) AppleWebKit/537.36 (KHTML, like Gecko) Chrome/81.0.4044.129 Safari/537.36",Mozilla/5.0 (compatible; InquisitPlayer/5.0.14.0; Windows NT 10.0; Win64; x64),5.0.14.0,5.0.14.0,,"consent_form_survey_82_21-05-11-02-03-09-524.iqdat,consent_form_summary_82_21-05-11-02-03-10-695.iqdat,pilot_2_raw_82_21-05-11-02-06-17-805.iqdat,minutediscountingtask_i5_raw_82_21-05-11-02-07-23-976.iqdat,minutediscountingtask_i5_summary_82_21-05-11-02-07-25-054.iqdat",http://www.sussex.ac.uk/psychology/sibg/resources/userstudies/helena-2021-study-debrief-web,2,1,5,0,1,387
213688,98,,566917139,1977285700,5/11/2021 14:01,,,,,batch_pilot2.iqx,"Mozilla/5.0 (Windows NT 10.0; Win64; x64) AppleWebKit/537.36 (KHTML, like Gecko) Chrome/50.0.2661.94 Safari/537.36",,,5.0.14.0,,,,,1,0,0,0,0,0
213688,95,,122537544,2837894365,5/11/2021 14:01,,,,,batch_pilot2.iqx,"Mozilla/5.0 (Windows NT 10.0; Win64; x64) AppleWebKit/537.36 (KHTML, like Gecko) Chrome/88.0.4324.96 Safari/537.36",,,5.0.14.0,,,,,2,0,0,0,0,0
213688,93,,95417597,2994390158,5/11/2021 14:01,,,,,batch_pilot2.iqx,"Mozilla/5.0 (Windows NT 10.0; Win64; x64) AppleWebKit/537.36 (KHTML, like Gecko) Chrome/81.0.4044.138 Safari/537.36",,,5.0.14.0,,,,,1,0,0,0,0,0
213688,97,,331666048,859584646,5/11/2021 14:01,,,,,batch_pilot2.iqx,"Mozilla/5.0 (Windows NT 10.0; Win64; x64) AppleWebKit/537.36 (KHTML, like Gecko) Chrome/79.0.3945.130 Safari/537.36",,,5.0.14.0,,,,,1,0,0,0,0,0
213688,103,,889805882,3029914440,5/11/2021 14:02,,,,,batch_pilot2.iqx,Mozilla/5.0 (Windows NT 10.0; rv:54.0) Gecko/20100101 Firefox/54.0,,,5.0.14.0,,,,,1,0,0,0,0,0
213688,108,,642299355,1330646552,5/11/2021 14:03,,,,,batch_pilot2.iqx,"Mozilla/5.0 (Windows NT 6.1; Win64; x64) AppleWebKit/537.36 (KHTML, like Gecko) Chrome/73.0.3683.86 Safari/537.36",,,5.0.14.0,,,,,1,0,0,0,0,0
213688,99,,811246138,324056908,5/11/2021 14:03,,,,5/11/2021 14:12,batch_pilot2.iqx,"Mozilla/5.0 (Windows NT 10.0; Win64; x64) AppleWebKit/537.36 (KHTML, like Gecko) Chrome/77.0.3865.90 Safari/537.36","Mozilla/5.0 (Windows NT 10.0; Win64; x64) AppleWebKit/537.36 (KHTML, like Gecko) Chrome/77.0.3865.90 Safari/537.36",,5.0.14.0,,,,http://www.sussex.ac.uk/psychology/sibg/resources/userstudies/helena-2021-study-debrief-web,2,0,0,0,1,0
213688,92,,585066188,1034989410,5/11/2021 14:03,,,,,batch_pilot2.iqx,"Mozilla/5.0 (Windows NT 6.1; WOW64) AppleWebKit/537.36 (KHTML, like Gecko) Chrome/54.0.2840.59 Safari/537.36",,,5.0.14.0,,,,,2,0,0,0,0,0
213688,107,,549640934,1830729775,5/11/2021 14:03,,,,,batch_pilot2.iqx,Mozilla/5.0 (Windows NT 10.0; Win64; x64; rv:68.0) Gecko/20100101 Firefox/68.0,,,5.0.14.0,,,,,1,0,0,0,0,0
213688,106,,196776206,2113652809,5/11/2021 14:04,,,,,batch_pilot2.iqx,Mozilla/5.0 (Windows NT 10.0; rv:49.0) Gecko/20100101 Firefox/49.0,,,5.0.14.0,,,,,4,0,0,0,0,0
213688,104,,247056292,1072371019,5/11/2021 14:04,,,,5/11/2021 14:11,batch_pilot2.iqx,"Mozilla/5.0 (Windows NT 10.0; Win64; x64) AppleWebKit/537.36 (KHTML, like Gecko) Chrome/78.0.3904.87 Safari/537.36","Mozilla/5.0 (Windows NT 10.0; Win64; x64) AppleWebKit/537.36 (KHTML, like Gecko) Chrome/78.0.3904.87 Safari/537.36",,5.0.14.0,,,,http://www.sussex.ac.uk/psychology/sibg/resources/userstudies/helena-2021-study-debrief-web,1,0,0,0,1,0
213688,109,,153606731,2130631275,5/11/2021 14:04,,,,,batch_pilot2.iqx,Mozilla/5.0 (Windows NT 6.3; rv:63.0) Gecko/20100101 Firefox/63.0,,,5.0.14.0,,,,,2,0,0,0,0,0
213688,112,,900903138,3029914440,5/11/2021 14:04,,,,,batch_pilot2.iqx,Mozilla/5.0 (Windows NT 10.0; rv:54.0) Gecko/20100101 Firefox/54.0,,,5.0.14.0,,,,,2,0,0,0,0,0
213688,110,,163974413,3609591832,5/11/2021 14:05,,,,5/11/2021 14:13,batch_pilot2.iqx,"Mozilla/5.0 (Windows NT 10.0; Win64; x64) AppleWebKit/537.36 (KHTML, like Gecko) Chrome/78.0.3904.70 Safari/537.36","Mozilla/5.0 (Windows NT 10.0; Win64; x64) AppleWebKit/537.36 (KHTML, like Gecko) Chrome/78.0.3904.70 Safari/537.36",,5.0.14.0,,,,http://www.sussex.ac.uk/psychology/sibg/resources/userstudies/helena-2021-study-debrief-web,5,0,0,0,1,0
213688,117,,166934089,3029914440,5/11/2021 14:05,,,,,batch_pilot2.iqx,Mozilla/5.0 (Windows NT 10.0; rv:54.0) Gecko/20100101 Firefox/54.0,,,5.0.14.0,,,,,1,0,0,0,0,0
213688,113,,731669426,2837894365,5/11/2021 14:05,,,,,batch_pilot2.iqx,"Mozilla/5.0 (Windows NT 10.0; Win64; x64) AppleWebKit/537.36 (KHTML, like Gecko) Chrome/88.0.4324.96 Safari/537.36",,,5.0.14.0,,,,,1,0,0,0,0,0
213688,118,,834487079,1893666364,5/11/2021 14:05,,,,,batch_pilot2.iqx,"Mozilla/5.0 (Windows NT 10.0; Win64; x64) AppleWebKit/537.36 (KHTML, like Gecko) Chrome/83.0.4103.106 Safari/537.36",,,5.0.14.0,,,,,1,0,0,0,0,0
213688,105,,405790129,738001476,5/11/2021 14:06,,,,,batch_pilot2.iqx,"Mozilla/5.0 (Windows NT 10.0; Win64; x64) AppleWebKit/537.36 (KHTML, like Gecko) Chrome/62.0.3202.89 Safari/537.36",,,5.0.14.0,,,,,5,0,0,0,0,0
213688,114,,734702031,1977285700,5/11/2021 14:07,,,,,batch_pilot2.iqx,"Mozilla/5.0 (Windows NT 10.0; Win64; x64) AppleWebKit/537.36 (KHTML, like Gecko) Chrome/50.0.2661.94 Safari/537.36",,,5.0.14.0,,,,,2,0,0,0,0,0
213688,120,,331765081,3922159652,5/11/2021 14:08,,,,,batch_pilot2.iqx,"Mozilla/5.0 (Windows NT 10.0; Win64; x64) AppleWebKit/537.36 (KHTML, like Gecko) Chrome/86.0.4240.198 Safari/537.36",,,5.0.14.0,,,,,3,0,0,0,0,0
213688,119,,5601420,70382661,5/11/2021 14:08,,,,5/11/2021 14:15,batch_pilot2.iqx,"Mozilla/5.0 (Windows NT 10.0; Win64; x64) AppleWebKit/537.36 (KHTML, like Gecko) Chrome/80.0.3987.132 Safari/537.36","Mozilla/5.0 (Windows NT 10.0; Win64; x64) AppleWebKit/537.36 (KHTML, like Gecko) Chrome/80.0.3987.132 Safari/537.36",,5.0.14.0,,,,http://www.sussex.ac.uk/psychology/sibg/resources/userstudies/helena-2021-study-debrief-web,1,0,0,0,1,0
213688,124,,837074326,1714614701,5/11/2021 14:09,,,,,batch_pilot2.iqx,"Mozilla/5.0 (Windows NT 10.0; Win64; x64) AppleWebKit/537.36 (KHTML, like Gecko) Chrome/88.0.4324.150 Safari/537.36",,,5.0.14.0,,,,,3,0,0,0,0,0
213688,125,,740523130,738001476,5/11/2021 14:09,,,,,batch_pilot2.iqx,"Mozilla/5.0 (Windows NT 10.0; Win64; x64) AppleWebKit/537.36 (KHTML, like Gecko) Chrome/62.0.3202.89 Safari/537.36",,,5.0.14.0,,,,,3,0,0,0,0,0
213688,121,,396538561,1034989410,5/11/2021 14:09,,,,,batch_pilot2.iqx,"Mozilla/5.0 (Windows NT 6.1; WOW64) AppleWebKit/537.36 (KHTML, like Gecko) Chrome/54.0.2840.59 Safari/537.36",,,5.0.14.0,,,,,3,0,0,0,0,0
213688,126,,665189049,2370574148,5/11/2021 14:10,,,,5/11/2021 14:19,batch_pilot2.iqx,"Mozilla/5.0 (Windows NT 10.0; Win64; x64) AppleWebKit/537.36 (KHTML, like Gecko) Chrome/75.0.3770.142 Safari/537.36","Mozilla/5.0 (Windows NT 10.0; Win64; x64) AppleWebKit/537.36 (KHTML, like Gecko) Chrome/75.0.3770.142 Safari/537.36",,5.0.14.0,,,,http://www.sussex.ac.uk/psychology/sibg/resources/userstudies/helena-2021-study-debrief-web,1,0,0,0,1,0
213688,127,,972750561,1714614701,5/11/2021 14:10,,,,,batch_pilot2.iqx,"Mozilla/5.0 (Windows NT 10.0; Win64; x64) AppleWebKit/537.36 (KHTML, like Gecko) Chrome/88.0.4324.150 Safari/537.36",,,5.0.14.0,,,,,4,0,0,0,0,0
213688,133,,751679784,2366293039,5/11/2021 14:11,,,,5/11/2021 14:15,batch_pilot2.iqx,"Mozilla/5.0 (Windows NT 10.0; Win64; x64) AppleWebKit/537.36 (KHTML, like Gecko) Chrome/75.0.3770.100 Safari/537.36","Mozilla/5.0 (Windows NT 10.0; Win64; x64) AppleWebKit/537.36 (KHTML, like Gecko) Chrome/75.0.3770.100 Safari/537.36",,5.0.14.0,,,,http://www.sussex.ac.uk/psychology/sibg/resources/userstudies/helena-2021-study-debrief-web,1,0,0,0,1,0
213688,128,,440792769,1714614701,5/11/2021 14:11,,,,5/11/2021 14:14,batch_pilot2.iqx,"Mozilla/5.0 (Windows NT 10.0; Win64; x64) AppleWebKit/537.36 (KHTML, like Gecko) Chrome/88.0.4324.150 Safari/537.36","Mozilla/5.0 (Windows NT 10.0; Win64; x64) AppleWebKit/537.36 (KHTML, like Gecko) Chrome/88.0.4324.150 Safari/537.36",,5.0.14.0,,,,http://www.sussex.ac.uk/psychology/sibg/resources/userstudies/helena-2021-study-debrief-web,2,0,0,0,1,0
213688,129,,958173294,3022688924,5/11/2021 14:11,,,,5/11/2021 14:16,batch_pilot2.iqx,"Mozilla/5.0 (Windows NT 10.0; Win64; x64) AppleWebKit/537.36 (KHTML, like Gecko) Chrome/89.0.4389.72 Safari/537.36","Mozilla/5.0 (Windows NT 10.0; Win64; x64) AppleWebKit/537.36 (KHTML, like Gecko) Chrome/89.0.4389.72 Safari/537.36",,5.0.14.0,,,,http://www.sussex.ac.uk/psychology/sibg/resources/userstudies/helena-2021-study-debrief-web,1,0,0,0,1,0
213688,132,,916221930,859584646,5/11/2021 14:12,,,,5/11/2021 14:14,batch_pilot2.iqx,"Mozilla/5.0 (Windows NT 10.0; Win64; x64) AppleWebKit/537.36 (KHTML, like Gecko) Chrome/79.0.3945.130 Safari/537.36","Mozilla/5.0 (Windows NT 10.0; Win64; x64) AppleWebKit/537.36 (KHTML, like Gecko) Chrome/79.0.3945.130 Safari/537.36",,5.0.14.0,,,,http://www.sussex.ac.uk/psychology/sibg/resources/userstudies/helena-2021-study-debrief-web,1,0,0,0,1,0
213688,134,,168491691,3922159652,5/11/2021 14:12,,,,,batch_pilot2.iqx,"Mozilla/5.0 (Windows NT 10.0; Win64; x64) AppleWebKit/537.36 (KHTML, like Gecko) Chrome/83.0.4103.106 Safari/537.36",,,5.0.14.0,,,,,1,0,0,0,0,0
213688,131,,889420221,3212064841,5/11/2021 14:13,,,,5/11/2021 14:21,batch_pilot2.iqx,"Mozilla/5.0 (Windows NT 10.0; Win64; x64) AppleWebKit/537.36 (KHTML, like Gecko) Chrome/80.0.3987.162 Safari/537.36","Mozilla/5.0 (Windows NT 10.0; Win64; x64) AppleWebKit/537.36 (KHTML, like Gecko) Chrome/80.0.3987.162 Safari/537.36",,5.0.14.0,,,,http://www.sussex.ac.uk/psychology/sibg/resources/userstudies/helena-2021-study-debrief-web,1,0,0,0,1,0
213688,130,,415582358,1098208585,5/11/2021 14:14,,,,,batch_pilot2.iqx,Mozilla/5.0 (Windows NT 6.3; Win64; x64; rv:66.0) Gecko/20100101 Firefox/66.0,,,5.0.14.0,,,,,3,0,0,0,0,0
213688,141,,770463457,2852542283,5/11/2021 14:14,,,,,batch_pilot2.iqx,"Mozilla/5.0 (Windows NT 10.0; Win64; x64) AppleWebKit/537.36 (KHTML, like Gecko) Chrome/85.0.4183.102 Safari/537.36",,,5.0.14.0,,,,,4,0,0,0,0,0
213688,142,,248285519,3993488713,5/11/2021 14:14,,,,5/11/2021 14:19,batch_pilot2.iqx,"Mozilla/5.0 (Windows NT 10.0; Win64; x64) AppleWebKit/537.36 (KHTML, like Gecko) Chrome/83.0.4103.97 Safari/537.36","Mozilla/5.0 (Windows NT 10.0; Win64; x64) AppleWebKit/537.36 (KHTML, like Gecko) Chrome/83.0.4103.97 Safari/537.36",,5.0.14.0,,,,http://www.sussex.ac.uk/psychology/sibg/resources/userstudies/helena-2021-study-debrief-web,1,0,0,0,1,0
213688,136,,327250182,3351865441,5/11/2021 14:14,,,,,batch_pilot2.iqx,Mozilla/5.0 (Windows NT 10.0; WOW64; rv:63.0) Gecko/20100101 Firefox/63.0,,,5.0.14.0,,,,,2,0,0,0,0,0
213688,139,,246316811,2763181129,5/11/2021 14:15,,,,,batch_pilot2.iqx,"Mozilla/5.0 (Windows NT 6.3; WOW64) AppleWebKit/537.36 (KHTML, like Gecko) Chrome/43.0.2357.124 Safari/537.36",,,5.0.14.0,,,,,1,0,0,0,0,0
213688,138,,207576406,1537358153,5/11/2021 14:15,,,,,batch_pilot2.iqx,"Mozilla/5.0 (Windows NT 10.0; WOW64) AppleWebKit/537.36 (KHTML, like Gecko) Chrome/45.0.2454.85 Safari/537.36",,,5.0.14.0,,,,,1,0,0,0,0,0
213688,145,,740515121,3609591832,5/11/2021 14:15,,,,5/11/2021 14:18,batch_pilot2.iqx,"Mozilla/5.0 (Windows NT 10.0; Win64; x64) AppleWebKit/537.36 (KHTML, like Gecko) Chrome/78.0.3904.70 Safari/537.36","Mozilla/5.0 (Windows NT 10.0; Win64; x64) AppleWebKit/537.36 (KHTML, like Gecko) Chrome/78.0.3904.70 Safari/537.36",,5.0.14.0,,,,http://www.sussex.ac.uk/psychology/sibg/resources/userstudies/helena-2021-study-debrief-web,1,0,0,0,1,0
213688,144,,193791408,589895981,5/11/2021 14:16,,,,,batch_pilot2.iqx,"Mozilla/5.0 (Windows NT 10.0; Win64; x64) AppleWebKit/537.36 (KHTML, like Gecko) Chrome/78.0.3904.87 Safari/537.36",,,5.0.14.0,,,,,3,0,0,0,0,0
213688,140,,233933346,547357534,5/11/2021 14:16,,,,5/11/2021 14:21,batch_pilot2.iqx,"Mozilla/5.0 (Windows NT 10.0; Win64; x64) AppleWebKit/537.36 (KHTML, like Gecko) Chrome/83.0.4103.116 Safari/537.36","Mozilla/5.0 (Windows NT 10.0; Win64; x64) AppleWebKit/537.36 (KHTML, like Gecko) Chrome/83.0.4103.116 Safari/537.36",,5.0.14.0,,,,http://www.sussex.ac.uk/psychology/sibg/resources/userstudies/helena-2021-study-debrief-web,2,0,0,0,1,0
213688,146,,262716955,492203084,5/11/2021 14:18,,,,,batch_pilot2.iqx,"Mozilla/5.0 (Windows NT 10.0; Win64; x64) AppleWebKit/537.36 (KHTML, like Gecko) Chrome/88.0.4324.150 Safari/537.36",,,5.0.14.0,,,,,1,0,0,0,0,0
213688,135,,164150209,407504408,5/11/2021 14:18,,,,,batch_pilot2.iqx,"Mozilla/5.0 (Windows NT 6.3) AppleWebKit/537.36 (KHTML, like Gecko) Chrome/70.0.3538.110 Safari/537.36",,,5.0.14.0,,,,,1,0,0,0,0,0
213688,150,,742347810,2852542283,5/11/2021 14:19,,,,5/11/2021 14:21,batch_pilot2.iqx,"Mozilla/5.0 (Windows NT 10.0; Win64; x64) AppleWebKit/537.36 (KHTML, like Gecko) Chrome/85.0.4183.102 Safari/537.36","Mozilla/5.0 (Windows NT 10.0; Win64; x64) AppleWebKit/537.36 (KHTML, like Gecko) Chrome/85.0.4183.102 Safari/537.36",,5.0.14.0,,,,http://www.sussex.ac.uk/psychology/sibg/resources/userstudies/helena-2021-study-debrief-web,1,0,0,0,1,0
213688,148,,56786654,2075156036,5/11/2021 14:19,5/11/2021 14:19,5/11/2021 14:22,,5/11/2021 14:22,batch_pilot2.iqx,"Mozilla/5.0 (Windows NT 10.0; Win64; x64) AppleWebKit/537.36 (KHTML, like Gecko) Chrome/80.0.3987.122 Safari/537.36","Mozilla/5.0 (Windows NT 10.0; Win64; x64) AppleWebKit/537.36 (KHTML, like Gecko) Chrome/80.0.3987.122 Safari/537.36",Mozilla/5.0 (compatible; InquisitPlayer/5.0.14.0; Windows NT 10.0; Win64; x64),5.0.14.0,5.0.14.0,,"consent_form_survey_148_21-05-11-02-20-46-386.iqdat,consent_form_summary_148_21-05-11-02-20-48-433.iqdat,pilot_2_raw_148_21-05-11-02-22-13-886.iqdat,minutediscountingtask_i5_raw_148_21-05-11-02-22-46-777.iqdat,minutediscountingtask_i5_summary_148_21-05-11-02-22-49-027.iqdat",http://www.sussex.ac.uk/psychology/sibg/resources/userstudies/helena-2021-study-debrief-web,1,1,5,0,1,201
213688,152,,131549396,834946114,5/11/2021 14:19,,,,5/11/2021 14:22,batch_pilot2.iqx,"Mozilla/5.0 (Windows NT 10.0; Win64; x64) AppleWebKit/537.36 (KHTML, like Gecko) Chrome/86.0.4240.183 Safari/537.36","Mozilla/5.0 (Windows NT 10.0; Win64; x64) AppleWebKit/537.36 (KHTML, like Gecko) Chrome/86.0.4240.183 Safari/537.36",,5.0.14.0,,,,http://www.sussex.ac.uk/psychology/sibg/resources/userstudies/helena-2021-study-debrief-web,4,0,0,0,1,0
213688,151,,97474842,2649797730,5/11/2021 14:20,,,,,batch_pilot2.iqx,"Mozilla/5.0 (Windows NT 6.1; Win64; x64) AppleWebKit/537.36 (KHTML, like Gecko) Chrome/48.0.2564.116 Safari/537.36",,,5.0.14.0,,,,,3,0,0,0,0,0
213688,155,,681304668,2763181129,5/11/2021 14:20,,,,,batch_pilot2.iqx,"Mozilla/5.0 (Windows NT 6.3; WOW64) AppleWebKit/537.36 (KHTML, like Gecko) Chrome/43.0.2357.124 Safari/537.36",,,5.0.14.0,,,,,3,0,0,0,0,0
213688,147,,382769186,1978371655,5/11/2021 14:20,,,,5/11/2021 14:23,batch_pilot2.iqx,"Mozilla/5.0 (Windows NT 10.0; Win64; x64) AppleWebKit/537.36 (KHTML, like Gecko) Chrome/78.0.3904.108 Safari/537.36","Mozilla/5.0 (Windows NT 10.0; Win64; x64) AppleWebKit/537.36 (KHTML, like Gecko) Chrome/78.0.3904.108 Safari/537.36",,5.0.14.0,,,,http://www.sussex.ac.uk/psychology/sibg/resources/userstudies/helena-2021-study-debrief-web,1,0,0,0,1,0
213688,156,,628988970,492203084,5/11/2021 14:21,,,,5/11/2021 14:25,batch_pilot2.iqx,"Mozilla/5.0 (Windows NT 10.0; Win64; x64) AppleWebKit/537.36 (KHTML, like Gecko) Chrome/88.0.4324.150 Safari/537.36","Mozilla/5.0 (Windows NT 10.0; Win64; x64) AppleWebKit/537.36 (KHTML, like Gecko) Chrome/88.0.4324.150 Safari/537.36",,5.0.14.0,,,,http://www.sussex.ac.uk/psychology/sibg/resources/userstudies/helena-2021-study-debrief-web,1,0,0,0,1,0
213688,157,,277070736,741540704,5/11/2021 14:23,,,,5/11/2021 14:24,batch_pilot2.iqx,"Mozilla/5.0 (Windows NT 10.0; Win64; x64) AppleWebKit/537.36 (KHTML, like Gecko) Chrome/89.0.4389.90 Safari/537.36","Mozilla/5.0 (Windows NT 10.0; Win64; x64) AppleWebKit/537.36 (KHTML, like Gecko) Chrome/89.0.4389.90 Safari/537.36",,5.0.14.0,,,,http://www.sussex.ac.uk/psychology/sibg/resources/userstudies/helena-2021-study-debrief-web,1,0,0,0,1,0
213688,161,,694684441,1330646552,5/11/2021 14:23,,,,,batch_pilot2.iqx,"Mozilla/5.0 (Windows NT 6.1; Win64; x64) AppleWebKit/537.36 (KHTML, like Gecko) Chrome/73.0.3683.86 Safari/537.36",,,5.0.14.0,,,,,1,0,0,0,0,0
213688,160,,364825224,589895981,5/11/2021 14:23,,,,,batch_pilot2.iqx,"Mozilla/5.0 (Windows NT 10.0; Win64; x64) AppleWebKit/537.36 (KHTML, like Gecko) Chrome/83.0.4103.61 Safari/537.36",,,5.0.14.0,,,,,1,0,0,0,0,0
213688,159,,447879181,1220233794,5/11/2021 14:24,,,,5/11/2021 14:27,batch_pilot2.iqx,"Mozilla/5.0 (Windows NT 10.0; Win64; x64) AppleWebKit/537.36 (KHTML, like Gecko) Chrome/85.0.4183.83 Safari/537.36","Mozilla/5.0 (Windows NT 10.0; Win64; x64) AppleWebKit/537.36 (KHTML, like Gecko) Chrome/85.0.4183.83 Safari/537.36",,5.0.14.0,,,,http://www.sussex.ac.uk/psychology/sibg/resources/userstudies/helena-2021-study-debrief-web,1,0,0,0,1,0
213688,163,,894702402,693948232,5/11/2021 14:25,,,,5/11/2021 14:32,batch_pilot2.iqx,"Mozilla/5.0 (Windows NT 10.0; Win64; x64) AppleWebKit/537.36 (KHTML, like Gecko) Chrome/85.0.4183.83 Safari/537.36","Mozilla/5.0 (Windows NT 10.0; Win64; x64) AppleWebKit/537.36 (KHTML, like Gecko) Chrome/85.0.4183.83 Safari/537.36",,5.0.14.0,,,,http://www.sussex.ac.uk/psychology/sibg/resources/userstudies/helena-2021-study-debrief-web,1,0,0,0,1,0
213688,162,,952080308,122186414,5/11/2021 14:25,,,,5/11/2021 14:28,batch_pilot2.iqx,"Mozilla/5.0 (Windows NT 10.0; Win64; x64) AppleWebKit/537.36 (KHTML, like Gecko) Chrome/88.0.4324.150 Safari/537.36","Mozilla/5.0 (Windows NT 10.0; Win64; x64) AppleWebKit/537.36 (KHTML, like Gecko) Chrome/88.0.4324.150 Safari/537.36",,5.0.14.0,,,,http://www.sussex.ac.uk/psychology/sibg/resources/userstudies/helena-2021-study-debrief-web,1,0,0,0,1,0
213688,166,,392235791,3626115864,5/11/2021 14:26,,,,5/11/2021 14:41,batch_pilot2.iqx,"Mozilla/5.0 (Windows NT 10.0; Win64; x64) AppleWebKit/537.36 (KHTML, like Gecko) Chrome/80.0.3987.162 Safari/537.36","Mozilla/5.0 (Windows NT 10.0; Win64; x64) AppleWebKit/537.36 (KHTML, like Gecko) Chrome/80.0.3987.162 Safari/537.36",,5.0.14.0,,,,http://www.sussex.ac.uk/psychology/sibg/resources/userstudies/helena-2021-study-debrief-web,1,0,0,0,1,0
213688,168,,840600907,770117548,5/11/2021 14:26,,,,,batch_pilot2.iqx,"Mozilla/5.0 (Windows NT 10.0; Win64; x64) AppleWebKit/537.36 (KHTML, like Gecko) Chrome/89.0.4389.72 Safari/537.36",,,5.0.14.0,,,,,2,0,0,0,0,0
213688,172,,783817987,1330646552,5/11/2021 14:27,,,,,batch_pilot2.iqx,"Mozilla/5.0 (Windows NT 6.1; Win64; x64) AppleWebKit/537.36 (KHTML, like Gecko) Chrome/73.0.3683.86 Safari/537.36",,,5.0.14.0,,,,,2,0,0,0,0,0
213688,167,,346991545,506819910,5/11/2021 14:27,,,,,batch_pilot2.iqx,"Mozilla/5.0 (Windows NT 10.0; Win64; x64) AppleWebKit/537.36 (KHTML, like Gecko) Chrome/89.0.4389.82 Safari/537.36",,,5.0.14.0,,,,,1,0,0,0,0,0
213688,170,,118210985,2969791305,5/11/2021 14:28,,,,5/11/2021 14:31,batch_pilot2.iqx,"Mozilla/5.0 (Windows NT 10.0; Win64; x64) AppleWebKit/537.36 (KHTML, like Gecko) Chrome/85.0.4183.83 Safari/537.36","Mozilla/5.0 (Windows NT 10.0; Win64; x64) AppleWebKit/537.36 (KHTML, like Gecko) Chrome/85.0.4183.83 Safari/537.36",,5.0.14.0,,,,http://www.sussex.ac.uk/psychology/sibg/resources/userstudies/helena-2021-study-debrief-web,2,0,0,0,1,0
213688,173,,558507562,2718675224,5/11/2021 14:31,,,,5/11/2021 14:40,batch_pilot2.iqx,"Mozilla/5.0 (Windows NT 10.0; Win64; x64) AppleWebKit/537.36 (KHTML, like Gecko) Chrome/87.0.4280.88 Safari/537.36","Mozilla/5.0 (Windows NT 10.0; Win64; x64) AppleWebKit/537.36 (KHTML, like Gecko) Chrome/87.0.4280.88 Safari/537.36",,5.0.14.0,,,,http://www.sussex.ac.uk/psychology/sibg/resources/userstudies/helena-2021-study-debrief-web,2,0,0,0,1,0
213688,165,,427582539,1168390473,5/11/2021 14:31,,,,5/11/2021 14:34,batch_pilot2.iqx,"Mozilla/5.0 (Windows NT 10.0; Win64; x64) AppleWebKit/537.36 (KHTML, like Gecko) Chrome/84.0.4147.125 Safari/537.36","Mozilla/5.0 (Windows NT 10.0; Win64; x64) AppleWebKit/537.36 (KHTML, like Gecko) Chrome/84.0.4147.125 Safari/537.36",,5.0.14.0,,,,http://www.sussex.ac.uk/psychology/sibg/resources/userstudies/helena-2021-study-debrief-web,1,0,0,0,1,0
213688,176,,190604679,1310799938,5/11/2021 14:31,,,,,batch_pilot2.iqx,"Mozilla/5.0 (Windows NT 10.0; Win64; x64) AppleWebKit/537.36 (KHTML, like Gecko) Chrome/76.0.3809.132 Safari/537.36",,,5.0.14.0,,,,,1,0,0,0,0,0
213688,180,,486618808,3098281132,5/11/2021 14:32,,,,,batch_pilot2.iqx,Mozilla/5.0 (Windows NT 6.1; Win64; x64; rv:88.0) Gecko/20100101 Firefox/88.0,,,5.0.14.0,,,,,1,0,0,0,0,0
213688,179,,343915415,3577161803,5/11/2021 14:32,,,,,batch_pilot2.iqx,"Mozilla/5.0 (Windows NT 10.0; Win64; x64) AppleWebKit/537.36 (KHTML, like Gecko) Chrome/75.0.3770.100 Safari/537.36",,,5.0.14.0,,,,,2,0,0,0,0,0
213688,175,,536423669,1228903749,5/11/2021 14:32,,,,5/11/2021 14:37,batch_pilot2.iqx,"Mozilla/5.0 (Windows NT 10.0; Win64; x64) AppleWebKit/537.36 (KHTML, like Gecko) Chrome/85.0.4183.102 Safari/537.36","Mozilla/5.0 (Windows NT 10.0; Win64; x64) AppleWebKit/537.36 (KHTML, like Gecko) Chrome/85.0.4183.102 Safari/537.36",,5.0.14.0,,,,http://www.sussex.ac.uk/psychology/sibg/resources/userstudies/helena-2021-study-debrief-web,2,0,0,0,1,0
213688,177,,275447795,3313495916,5/11/2021 14:33,,,,,batch_pilot2.iqx,"Mozilla/5.0 (Windows NT 10.0; Win64; x64) AppleWebKit/537.36 (KHTML, like Gecko) Chrome/84.0.4147.105 Safari/537.36",,,5.0.14.0,,,,,1,0,0,0,0,0
213688,178,,444738424,842004652,5/11/2021 14:33,,,,,batch_pilot2.iqx,"Mozilla/5.0 (Windows NT 10.0; Win64; x64) AppleWebKit/537.36 (KHTML, like Gecko) Chrome/78.0.3904.108 Safari/537.36",,,5.0.14.0,,,,,1,0,0,0,0,0
213688,181,,879219839,3109910444,5/11/2021 14:35,,,,,batch_pilot2.iqx,"Mozilla/5.0 (Windows NT 6.2; WOW64) AppleWebKit/537.36 (KHTML, like Gecko) Chrome/53.0.2785.143 Safari/537.36",,,5.0.14.0,,,,,2,0,0,0,0,0
213688,186,,835121960,3609591832,5/11/2021 14:36,,,,5/11/2021 14:38,batch_pilot2.iqx,"Mozilla/5.0 (Windows NT 10.0; Win64; x64) AppleWebKit/537.36 (KHTML, like Gecko) Chrome/78.0.3904.70 Safari/537.36","Mozilla/5.0 (Windows NT 10.0; Win64; x64) AppleWebKit/537.36 (KHTML, like Gecko) Chrome/78.0.3904.70 Safari/537.36",,5.0.14.0,,,,http://www.sussex.ac.uk/psychology/sibg/resources/userstudies/helena-2021-study-debrief-web,1,0,0,0,1,0
213688,185,,297189000,4015013736,5/11/2021 14:37,,,,5/11/2021 14:39,batch_pilot2.iqx,"Mozilla/5.0 (Windows NT 10.0; Win64; x64) AppleWebKit/537.36 (KHTML, like Gecko) Chrome/89.0.4389.90 Safari/537.36","Mozilla/5.0 (Windows NT 10.0; Win64; x64) AppleWebKit/537.36 (KHTML, like Gecko) Chrome/89.0.4389.90 Safari/537.36",,5.0.14.0,,,,http://www.sussex.ac.uk/psychology/sibg/resources/userstudies/helena-2021-study-debrief-web,1,0,0,0,1,0
213688,188,,620796170,1443939399,5/11/2021 14:37,,,,5/11/2021 14:43,batch_pilot2.iqx,"Mozilla/5.0 (Windows NT 10.0; Win64; x64) AppleWebKit/537.36 (KHTML, like Gecko) Chrome/89.0.4389.114 Safari/537.36","Mozilla/5.0 (Windows NT 10.0; Win64; x64) AppleWebKit/537.36 (KHTML, like Gecko) Chrome/89.0.4389.114 Safari/537.36",,5.0.14.0,,,,http://www.sussex.ac.uk/psychology/sibg/resources/userstudies/helena-2021-study-debrief-web,1,0,0,0,1,0
213688,187,,869220298,1833367728,5/11/2021 14:38,,,,5/11/2021 14:45,batch_pilot2.iqx,"Mozilla/5.0 (Windows NT 10.0; Win64; x64) AppleWebKit/537.36 (KHTML, like Gecko) Chrome/81.0.4044.92 Safari/537.36","Mozilla/5.0 (Windows NT 10.0; Win64; x64) AppleWebKit/537.36 (KHTML, like Gecko) Chrome/81.0.4044.92 Safari/537.36",,5.0.14.0,,,,http://www.sussex.ac.uk/psychology/sibg/resources/userstudies/helena-2021-study-debrief-web,1,0,0,0,1,0
213688,189,,192776168,4207115611,5/11/2021 14:39,,,,5/11/2021 14:41,batch_pilot2.iqx,"Mozilla/5.0 (Windows NT 10.0; Win64; x64) AppleWebKit/537.36 (KHTML, like Gecko) Chrome/79.0.3945.88 Safari/537.36","Mozilla/5.0 (Windows NT 10.0; Win64; x64) AppleWebKit/537.36 (KHTML, like Gecko) Chrome/79.0.3945.88 Safari/537.36",,5.0.14.0,,,,http://www.sussex.ac.uk/psychology/sibg/resources/userstudies/helena-2021-study-debrief-web,1,0,0,0,1,0
213688,193,,319817236,1029859672,5/11/2021 14:39,,,,5/11/2021 14:44,batch_pilot2.iqx,"Mozilla/5.0 (Windows NT 10.0; Win64; x64) AppleWebKit/537.36 (KHTML, like Gecko) Chrome/81.0.4044.138 Safari/537.36","Mozilla/5.0 (Windows NT 10.0; Win64; x64) AppleWebKit/537.36 (KHTML, like Gecko) Chrome/81.0.4044.138 Safari/537.36",,5.0.14.0,,,,http://www.sussex.ac.uk/psychology/sibg/resources/userstudies/helena-2021-study-debrief-web,1,0,0,0,1,0
213688,194,,627914439,2940496481,5/11/2021 14:40,,,,,batch_pilot2.iqx,"Mozilla/5.0 (Windows NT 10.0; Win64; x64) AppleWebKit/537.36 (KHTML, like Gecko) Chrome/77.0.3865.120 Safari/537.36",,,5.0.14.0,,,,,2,0,0,0,0,0
213688,195,,881597284,98255188,5/11/2021 14:41,,,,,batch_pilot2.iqx,"Mozilla/5.0 (Windows NT 10.0; Win64; x64) AppleWebKit/537.36 (KHTML, like Gecko) Chrome/79.0.3945.88 Safari/537.36",,,5.0.14.0,,,,,1,0,0,0,0,0
213688,200,,5028002,2940496481,5/11/2021 14:42,,,,5/11/2021 14:45,batch_pilot2.iqx,"Mozilla/5.0 (Windows NT 10.0; Win64; x64) AppleWebKit/537.36 (KHTML, like Gecko) Chrome/77.0.3865.120 Safari/537.36","Mozilla/5.0 (Windows NT 10.0; Win64; x64) AppleWebKit/537.36 (KHTML, like Gecko) Chrome/77.0.3865.120 Safari/537.36",,5.0.14.0,,,,http://www.sussex.ac.uk/psychology/sibg/resources/userstudies/helena-2021-study-debrief-web,1,0,0,0,1,0
213688,184,,832289747,4016761672,5/11/2021 14:42,,,,5/11/2021 14:47,batch_pilot2.iqx,"Mozilla/5.0 (Windows NT 10.0; Win64; x64) AppleWebKit/537.36 (KHTML, like Gecko) Chrome/83.0.4103.106 Safari/537.36","Mozilla/5.0 (Windows NT 10.0; Win64; x64) AppleWebKit/537.36 (KHTML, like Gecko) Chrome/83.0.4103.106 Safari/537.36",,5.0.14.0,,,,http://www.sussex.ac.uk/psychology/sibg/resources/userstudies/helena-2021-study-debrief-web,1,0,0,0,1,0
213688,190,,581883738,3577161803,5/11/2021 14:43,,,,,batch_pilot2.iqx,"Mozilla/5.0 (Windows NT 10.0; Win64; x64) AppleWebKit/537.36 (KHTML, like Gecko) Chrome/75.0.3770.100 Safari/537.36",,,5.0.14.0,,,,,12,0,0,0,0,0
213688,197,,48920917,3038954914,5/11/2021 14:43,,,,5/11/2021 14:48,batch_pilot2.iqx,"Mozilla/5.0 (Windows NT 10.0; Win64; x64) AppleWebKit/537.36 (KHTML, like Gecko) Chrome/81.0.4044.122 Safari/537.36","Mozilla/5.0 (Windows NT 10.0; Win64; x64) AppleWebKit/537.36 (KHTML, like Gecko) Chrome/81.0.4044.122 Safari/537.36",,5.0.14.0,,,,http://www.sussex.ac.uk/psychology/sibg/resources/userstudies/helena-2021-study-debrief-web,1,0,0,0,1,0
213688,201,,168484858,2837894365,5/11/2021 14:43,,,,,batch_pilot2.iqx,"Mozilla/5.0 (Windows NT 10.0; Win64; x64) AppleWebKit/537.36 (KHTML, like Gecko) Chrome/86.0.4240.198 Safari/537.36",,,5.0.14.0,,,,,2,0,0,0,0,0
213688,204,,935107238,98255188,5/11/2021 14:43,,,,5/11/2021 14:49,batch_pilot2.iqx,"Mozilla/5.0 (Windows NT 10.0; Win64; x64) AppleWebKit/537.36 (KHTML, like Gecko) Chrome/79.0.3945.88 Safari/537.36","Mozilla/5.0 (Windows NT 10.0; Win64; x64) AppleWebKit/537.36 (KHTML, like Gecko) Chrome/79.0.3945.88 Safari/537.36",,5.0.14.0,,,,http://www.sussex.ac.uk/psychology/sibg/resources/userstudies/helena-2021-study-debrief-web,1,0,0,0,1,0
213688,199,,832675749,1614243402,5/11/2021 14:43,,,,5/11/2021 14:45,batch_pilot2.iqx,"Mozilla/5.0 (Windows NT 10.0; Win64; x64) AppleWebKit/537.36 (KHTML, like Gecko) Chrome/77.0.3865.90 Safari/537.36","Mozilla/5.0 (Windows NT 10.0; Win64; x64) AppleWebKit/537.36 (KHTML, like Gecko) Chrome/77.0.3865.90 Safari/537.36",,5.0.14.0,,,,http://www.sussex.ac.uk/psychology/sibg/resources/userstudies/helena-2021-study-debrief-web,1,0,0,0,1,0
213688,196,,69221329,1353998947,5/11/2021 14:44,,,,5/11/2021 14:46,batch_pilot2.iqx,"Mozilla/5.0 (Windows NT 10.0; Win64; x64) AppleWebKit/537.36 (KHTML, like Gecko) Chrome/84.0.4147.125 Safari/537.36","Mozilla/5.0 (Windows NT 10.0; Win64; x64) AppleWebKit/537.36 (KHTML, like Gecko) Chrome/84.0.4147.125 Safari/537.36",,5.0.14.0,,,,http://www.sussex.ac.uk/psychology/sibg/resources/userstudies/helena-2021-study-debrief-web,1,0,0,0,1,0
213688,207,,789334828,1035352367,5/11/2021 14:45,5/11/2021 14:45,,,,batch_pilot2.iqx,"Mozilla/5.0 (Windows NT 10.0; Win64; x64) AppleWebKit/537.36 (KHTML, like Gecko) Chrome/89.0.4389.114 Safari/537.36",,Mozilla/5.0 (compatible; InquisitPlayer/5.0.14.0; Windows NT 10.0; Win64; x64),5.0.14.0,5.0.14.0,,,,2,1,0,0,0,0
213688,212,,956161125,2238455369,5/11/2021 14:45,,,,,batch_pilot2.iqx,"Mozilla/5.0 (Windows NT 10.0; Win64; x64) AppleWebKit/537.36 (KHTML, like Gecko) Chrome/87.0.4280.66 Safari/537.36",,,5.0.14.0,,,,,3,0,0,0,0,0
213688,209,,850693203,1325980743,5/11/2021 14:46,,,,5/11/2021 14:49,batch_pilot2.iqx,"Mozilla/5.0 (Windows NT 10.0; Win64; x64) AppleWebKit/537.36 (KHTML, like Gecko) Chrome/76.0.3809.87 Safari/537.36","Mozilla/5.0 (Windows NT 10.0; Win64; x64) AppleWebKit/537.36 (KHTML, like Gecko) Chrome/76.0.3809.87 Safari/537.36",,5.0.14.0,,,,http://www.sussex.ac.uk/psychology/sibg/resources/userstudies/helena-2021-study-debrief-web,2,0,0,0,1,0
213688,208,,610160911,3664354155,5/11/2021 14:46,,,,5/11/2021 14:50,batch_pilot2.iqx,"Mozilla/5.0 (Windows NT 10.0; Win64; x64) AppleWebKit/537.36 (KHTML, like Gecko) Chrome/80.0.3987.162 Safari/537.36","Mozilla/5.0 (Windows NT 10.0; Win64; x64) AppleWebKit/537.36 (KHTML, like Gecko) Chrome/80.0.3987.162 Safari/537.36",,5.0.14.0,,,,http://www.sussex.ac.uk/psychology/sibg/resources/userstudies/helena-2021-study-debrief-web,1,0,0,0,1,0
213688,206,,315983089,2367680536,5/11/2021 14:46,,,,,batch_pilot2.iqx,"Mozilla/5.0 (Windows NT 10.0; Win64; x64) AppleWebKit/537.36 (KHTML, like Gecko) Chrome/80.0.3987.132 Safari/537.36",,,5.0.14.0,,,,,1,0,0,0,0,0
213688,215,,99441805,4236677727,5/11/2021 14:46,,,,,batch_pilot2.iqx,"Mozilla/5.0 (Windows NT 10.0; Win64; x64) AppleWebKit/537.36 (KHTML, like Gecko) Chrome/81.0.4044.113 Safari/537.36",,,5.0.14.0,,,,,1,0,0,0,0,0
213688,213,,456870833,1785305942,5/11/2021 14:47,,,,,batch_pilot2.iqx,"Mozilla/5.0 (Windows NT 10.0; Win64; x64) AppleWebKit/537.36 (KHTML, like Gecko) Chrome/79.0.3945.79 Safari/537.36",,,5.0.14.0,,,,,1,0,0,0,0,0
213688,211,,996906130,4012655954,5/11/2021 14:47,,,,,batch_pilot2.iqx,"Mozilla/5.0 (Windows NT 10.0; Win64; x64) AppleWebKit/537.36 (KHTML, like Gecko) Chrome/89.0.4389.82 Safari/537.36",,,5.0.14.0,,,,,1,0,0,0,0,0
213688,214,,980110563,917820043,5/11/2021 14:47,5/11/2021 14:47,5/11/2021 14:49,,,batch_pilot2.iqx,"Mozilla/5.0 (Windows NT 10.0; Win64; x64) AppleWebKit/537.36 (KHTML, like Gecko) Chrome/75.0.3770.142 Safari/537.36",,Mozilla/5.0 (compatible; InquisitPlayer/5.0.14.0; Windows NT 10.0; Win64; x64),5.0.14.0,5.0.14.0,,"consent_form_survey_214_21-05-11-02-49-42-655.iqdat,consent_form_summary_214_21-05-11-02-49-43-687.iqdat",,2,1,2,0,0,119
213688,220,,360223186,1893666364,5/11/2021 14:47,5/11/2021 14:47,5/11/2021 14:51,,5/11/2021 14:51,batch_pilot2.iqx,"Mozilla/5.0 (Windows NT 10.0; Win64; x64) AppleWebKit/537.36 (KHTML, like Gecko) Chrome/83.0.4103.61 Safari/537.36","Mozilla/5.0 (Windows NT 10.0; Win64; x64) AppleWebKit/537.36 (KHTML, like Gecko) Chrome/83.0.4103.61 Safari/537.36",Mozilla/5.0 (compatible; InquisitPlayer/5.0.14.0; Windows NT 10.0; Win64; x64),5.0.14.0,5.0.14.0,,"consent_form_survey_220_21-05-11-02-48-59-280.iqdat,consent_form_summary_220_21-05-11-02-49-00-420.iqdat,pilot_2_raw_220_21-05-11-02-51-06-577.iqdat,minutediscountingtask_i5_raw_220_21-05-11-02-51-20-139.iqdat,minutediscountingtask_i5_summary_220_21-05-11-02-51-21-217.iqdat",http://www.sussex.ac.uk/psychology/sibg/resources/userstudies/helena-2021-study-debrief-web,1,1,5,0,1,208
213688,216,,286423676,626039149,5/11/2021 14:48,,,,,batch_pilot2.iqx,"Mozilla/5.0 (Windows NT 10.0; Win64; x64) AppleWebKit/537.36 (KHTML, like Gecko) Chrome/83.0.4103.106 Safari/537.36",,,5.0.14.0,,,,,1,0,0,0,0,0
213688,192,,75916818,855788396,5/11/2021 14:48,,,,,batch_pilot2.iqx,"Mozilla/5.0 (Windows NT 10.0; Win64; x64) AppleWebKit/537.36 (KHTML, like Gecko) Chrome/81.0.4044.113 Safari/537.36",,,5.0.14.0,,,,,1,0,0,0,0,0
213688,223,,153976597,2006679638,5/11/2021 14:48,,,,,batch_pilot2.iqx,"Mozilla/5.0 (Windows NT 10.0; Win64; x64) AppleWebKit/537.36 (KHTML, like Gecko) Chrome/83.0.4103.106 Safari/537.36",,,5.0.14.0,,,,,1,0,0,0,0,0
213688,219,,260797650,2238455369,5/11/2021 14:49,,,,,batch_pilot2.iqx,"Mozilla/5.0 (Windows NT 10.0; Win64; x64) AppleWebKit/537.36 (KHTML, like Gecko) Chrome/87.0.4280.66 Safari/537.36",,,5.0.14.0,,,,,2,0,0,0,0,0
213688,218,,999227991,1690799446,5/11/2021 14:49,,,,,batch_pilot2.iqx,"Mozilla/5.0 (Windows NT 10.0; Win64; x64) AppleWebKit/537.36 (KHTML, like Gecko) Chrome/86.0.4240.198 Safari/537.36",,,5.0.14.0,,,,,1,0,0,0,0,0
213688,229,,392048910,2238455369,5/11/2021 14:50,,,,,batch_pilot2.iqx,"Mozilla/5.0 (Windows NT 10.0; Win64; x64) AppleWebKit/537.36 (KHTML, like Gecko) Chrome/87.0.4280.66 Safari/537.36",,,5.0.14.0,,,,,1,0,0,0,0,0
213688,230,,473126771,855788396,5/11/2021 14:51,,,,,batch_pilot2.iqx,"Mozilla/5.0 (Windows NT 10.0; Win64; x64) AppleWebKit/537.36 (KHTML, like Gecko) Chrome/81.0.4044.113 Safari/537.36",,,5.0.14.0,,,,,1,0,0,0,0,0
213688,225,,793494090,2669936969,5/11/2021 14:51,,,,,batch_pilot2.iqx,"Mozilla/5.0 (Windows NT 10.0; Win64; x64) AppleWebKit/537.36 (KHTML, like Gecko) Chrome/89.0.4389.72 Safari/537.36",,,5.0.14.0,,,,,1,0,0,0,0,0
213688,224,,327818373,3378331821,5/11/2021 14:51,,,,,batch_pilot2.iqx,"Mozilla/5.0 (Windows NT 10.0; Win64; x64) AppleWebKit/537.36 (KHTML, like Gecko) Chrome/81.0.4044.92 Safari/537.36",,,5.0.14.0,,,,,1,0,0,0,0,0
